Frame_Number,Time_Sec,Processing_Time_ms,FPS,Object_ID,Bbox_X,Bbox_Y,A_real,Distance_Est,v_x,v_z,omega_z,current_pitch_rad,Pipeline_Latency_ms
1,5.681,776.5,0.0,-1,0,0,0,0.0,0.0,0.0,0.0,0.0,0.0
2,6.464,30.0,1.3,-1,0,0,0,0.0,0.0,0.0,0.0,0.0,0.0
3,6.499,29.7,28.1,-1,0,0,0,0.0,0.0,0.0,0.0,0.0,0.0
4,6.535,29.7,28.2,-1,0,0,0,0.0,0.0,0.0,0.0,0.0,0.0
5,6.57,29.8,28.3,-1,0,0,0,0.0,0.0,0.0,0.0,0.0,0.0
6,6.606,29.8,28.2,-1,0,0,0,0.0,0.0,0.0,0.0,0.0,0.0
7,6.641,30.5,28.0,-1,0,0,0,0.0,0.0,0.0,0.0,0.0,0.0
8,6.678,30.5,27.4,-1,0,0,0,0.0,0.0,0.0,0.0,0.0,0.0
9,6.715,30.1,27.3,-1,0,0,0,0.0,0.0,0.0,0.0,0.0,0.0
10,6.75,31.1,27.8,-1,0,0,0,0.0,0.0,0.0,0.0,0.0,0.0
11,6.788,29.9,26.6,-1,0,0,0,0.0,0.0,0.0,0.0,0.0,0.0
12,6.824,32.0,27.7,-1,0,0,0,0.0,0.0,0.0,0.0,0.0,0.0
13,6.862,29.7,26.5,-1,0,0,0,0.0,0.0,0.0,0.0,0.0,0.0
14,6.898,31.9,28.1,-1,0,0,0,0.0,0.0,0.0,0.0,0.0,0.0
15,6.936,29.8,26.2,-1,0,0,0,0.0,0.0,0.0,0.0,0.0,0.0
16,6.972,30.2,27.8,-1,0,0,0,0.0,0.0,0.0,0.0,0.0,0.0
17,7.008,29.6,27.5,-1,0,0,0,0.0,0.0,0.0,0.0,0.0,0.0
18,7.044,29.7,28.1,-1,0,0,0,0.0,0.0,0.0,0.0,0.0,0.0
19,7.079,29.8,28.1,-1,0,0,0,0.0,0.0,0.0,0.0,0.0,0.0
20,7.115,29.7,28.0,-1,0,0,0,0.0,0.0,0.0,0.0,0.0,0.0
21,7.151,30.8,28.1,-1,0,0,0,0.0,0.0,0.0,0.0,0.0,0.0
22,7.187,29.7,27.3,-1,0,0,0,0.0,0.0,0.0,0.0,0.0,0.0
23,7.223,30.4,28.0,-1,0,0,0,0.0,0.0,0.0,0.0,0.0,0.0
24,7.259,29.9,27.5,-1,0,0,0,0.0,0.0,0.0,0.0,0.0,0.0
25,7.295,30.1,28.0,-1,0,0,0,0.0,0.0,0.0,0.0,0.0,0.0
26,7.331,29.7,27.9,-1,0,0,0,0.0,0.0,0.0,0.0,0.0,0.0
27,7.367,30.1,28.1,-1,0,0,0,0.0,0.0,0.0,0.0,0.0,0.0
28,7.402,30.5,27.9,-1,0,0,0,0.0,0.0,0.0,0.0,0.0,0.0
29,7.439,30.5,27.6,-1,0,0,0,0.0,0.0,0.0,0.0,0.0,0.0
30,7.475,30.2,27.7,-1,0,0,0,0.0,0.0,0.0,0.0,0.0,0.0
31,7.511,29.5,27.8,-1,0,0,0,0.0,0.0,0.0,0.0,0.0,0.0
32,7.546,29.8,28.4,-1,0,0,0,0.0,0.0,0.0,0.0,0.0,0.0
33,7.581,29.7,28.2,-1,0,0,0,0.0,0.0,0.0,0.0,0.0,0.0
34,7.617,30.3,28.1,-1,0,0,0,0.0,0.0,0.0,0.0,0.0,0.0
35,7.653,30.0,27.8,-1,0,0,0,0.0,0.0,0.0,0.0,0.0,0.0
36,7.689,30.2,27.9,-1,0,0,0,0.0,0.0,0.0,0.0,0.0,0.0
37,7.725,30.5,27.7,-1,0,0,0,0.0,0.0,0.0,0.0,0.0,0.0
38,7.761,30.2,27.6,-1,0,0,0,0.0,0.0,0.0,0.0,0.0,0.0
39,7.797,29.7,27.8,-1,0,0,0,0.0,0.0,0.0,0.0,0.0,0.0
40,7.833,29.7,28.2,-1,0,0,0,0.0,0.0,0.0,0.0,0.0,0.0
41,7.868,30.1,28.3,-1,0,0,0,0.0,0.0,0.0,0.0,0.0,0.0
42,7.904,30.2,27.9,-1,0,0,0,0.0,0.0,0.0,0.0,0.0,0.0
43,7.94,30.0,27.8,-1,0,0,0,0.0,0.0,0.0,0.0,0.0,0.0
44,7.975,30.0,28.0,-1,0,0,0,0.0,0.0,0.0,0.0,0.0,0.0
45,8.011,29.4,28.0,-1,0,0,0,0.0,0.0,0.0,0.0,0.0,0.0
46,8.046,29.9,28.5,-1,0,0,0,0.0,0.0,0.0,0.0,0.0,0.0
47,8.082,29.6,28.0,-1,0,0,0,0.0,0.0,0.0,0.0,0.0,0.0
48,8.117,30.1,28.1,-1,0,0,0,0.0,0.0,0.0,0.0,0.0,0.0
49,8.154,30.4,27.7,-1,0,0,0,0.0,0.0,0.0,0.0,0.0,0.0
50,8.19,30.1,27.4,-1,0,0,0,0.0,0.0,0.0,0.0,0.0,0.0
51,8.226,30.3,27.7,-1,0,0,0,0.0,0.0,0.0,0.0,0.0,0.0
52,8.262,30.0,27.8,-1,0,0,0,0.0,0.0,0.0,0.0,0.0,0.0
53,8.298,29.6,27.9,-1,0,0,0,0.0,0.0,0.0,0.0,0.0,0.0
54,8.333,29.7,28.4,-1,0,0,0,0.0,0.0,0.0,0.0,0.0,0.0
55,8.369,29.7,28.2,-1,0,0,0,0.0,0.0,0.0,0.0,0.0,0.0
56,8.404,29.9,28.1,-1,0,0,0,0.0,0.0,0.0,0.0,0.0,0.0
57,8.44,29.8,28.0,-1,0,0,0,0.0,0.0,0.0,0.0,0.0,0.0
58,8.476,29.8,28.1,-1,0,0,0,0.0,0.0,0.0,0.0,0.0,0.0
59,8.511,29.3,28.1,-1,0,0,0,0.0,0.0,0.0,0.0,0.0,0.0
60,8.546,29.2,28.6,-1,0,0,0,0.0,0.0,0.0,0.0,0.0,0.0
61,8.581,29.5,28.6,-1,0,0,0,0.0,0.0,0.0,0.0,0.0,0.0
62,8.616,29.9,28.4,-1,0,0,0,0.0,0.0,0.0,0.0,0.0,0.0
63,8.652,29.4,28.1,-1,0,0,0,0.0,0.0,0.0,0.0,0.0,0.0
64,8.687,29.5,28.6,-1,0,0,0,0.0,0.0,0.0,0.0,0.0,0.0
65,8.722,29.9,28.3,-1,0,0,0,0.0,0.0,0.0,0.0,0.0,0.0
66,8.758,29.6,28.0,-1,0,0,0,0.0,0.0,0.0,0.0,0.0,0.0
67,8.793,30.2,28.3,-1,0,0,0,0.0,0.0,0.0,0.0,0.0,0.0
68,8.829,30.0,27.8,-1,0,0,0,0.0,0.0,0.0,0.0,0.0,0.0
69,8.865,29.9,28.0,-1,0,0,0,0.0,0.0,0.0,0.0,0.0,0.0
70,8.9,29.4,28.2,-1,0,0,0,0.0,0.0,0.0,0.0,0.0,0.0
71,8.935,29.5,28.5,-1,0,0,0,0.0,0.0,0.0,0.0,0.0,0.0
72,8.971,29.4,28.4,-1,0,0,0,0.0,0.0,0.0,0.0,0.0,0.0
73,9.006,30.0,28.5,-1,0,0,0,0.0,0.0,0.0,0.0,0.0,0.0
74,9.041,29.8,28.0,-1,0,0,0,0.0,0.0,0.0,0.0,0.0,0.0
75,9.077,29.4,28.2,-1,0,0,0,0.0,0.0,0.0,0.0,0.0,0.0
76,9.112,29.4,28.4,-1,0,0,0,0.0,0.0,0.0,0.0,0.0,0.0
77,9.147,30.0,28.6,-1,0,0,0,0.0,0.0,0.0,0.0,0.0,0.0
78,9.183,30.1,28.0,-1,0,0,0,0.0,0.0,0.0,0.0,0.0,0.0
79,9.218,29.8,27.9,-1,0,0,0,0.0,0.0,0.0,0.0,0.0,0.0
80,9.254,29.7,27.9,-1,0,0,0,0.0,0.0,0.0,0.0,0.0,0.0
81,9.29,29.7,28.1,-1,0,0,0,0.0,0.0,0.0,0.0,0.0,0.0
82,9.326,29.7,28.0,-1,0,0,0,0.0,0.0,0.0,0.0,0.0,0.0
83,9.361,29.8,28.2,-1,0,0,0,0.0,0.0,0.0,0.0,0.0,0.0
84,9.397,30.2,27.8,-1,0,0,0,0.0,0.0,0.0,0.0,0.0,0.0
85,9.433,30.7,27.7,-1,0,0,0,0.0,0.0,0.0,0.0,0.0,0.0
86,9.47,29.8,27.4,-1,0,0,0,0.0,0.0,0.0,0.0,0.0,0.0
87,9.505,29.4,28.1,-1,0,0,0,0.0,0.0,0.0,0.0,0.0,0.0
88,9.54,29.3,28.7,-1,0,0,0,0.0,0.0,0.0,0.0,0.0,0.0
89,9.575,29.4,28.5,-1,0,0,0,0.0,0.0,0.0,0.0,0.0,0.0
90,9.61,29.4,28.5,-1,0,0,0,0.0,0.0,0.0,0.0,0.0,0.0
91,9.645,29.4,28.5,-1,0,0,0,0.0,0.0,0.0,0.0,0.0,0.0
92,9.68,30.0,28.6,-1,0,0,0,0.0,0.0,0.0,0.0,0.0,0.0
93,9.716,29.4,27.9,-1,0,0,0,0.0,0.0,0.0,0.0,0.0,0.0
94,9.751,29.8,28.5,-1,0,0,0,0.0,0.0,0.0,0.0,0.0,0.0
95,9.787,29.6,28.1,-1,0,0,0,0.0,0.0,0.0,0.0,0.0,0.0
96,9.822,29.4,28.3,-1,0,0,0,0.0,0.0,0.0,0.0,0.0,0.0
97,9.857,29.4,28.5,-1,0,0,0,0.0,0.0,0.0,0.0,0.0,0.0
98,9.892,29.3,28.5,-1,0,0,0,0.0,0.0,0.0,0.0,0.0,0.0
99,9.927,30.1,28.6,-1,0,0,0,0.0,0.0,0.0,0.0,0.0,0.0
100,9.963,29.5,27.9,-1,0,0,0,0.0,0.0,0.0,0.0,0.0,0.0
101,9.998,29.4,28.4,-1,0,0,0,0.0,0.0,0.0,0.0,0.0,0.0
102,10.033,29.5,28.6,-1,0,0,0,0.0,0.0,0.0,0.0,0.0,0.0
103,10.068,29.5,28.4,-1,0,0,0,0.0,0.0,0.0,0.0,0.0,0.0
104,10.104,30.0,28.3,-1,0,0,0,0.0,0.0,0.0,0.0,0.0,0.0
105,10.14,30.0,27.8,-1,0,0,0,0.0,0.0,0.0,0.0,0.0,0.0
106,10.175,29.5,28.1,-1,0,0,0,0.0,0.0,0.0,0.0,0.0,0.0
107,10.211,30.1,28.4,-1,0,0,0,0.0,0.0,0.0,0.0,0.0,0.0
108,10.246,30.0,27.9,-1,0,0,0,0.0,0.0,0.0,0.0,0.0,0.0
109,10.282,30.2,28.1,-1,0,0,0,0.0,0.0,0.0,0.0,0.0,0.0
110,10.318,31.2,27.5,-1,0,0,0,0.0,0.0,0.0,0.0,0.0,0.0
111,10.355,30.1,27.0,-1,0,0,0,0.0,0.0,0.0,0.0,0.0,0.0
112,10.392,31.2,27.7,-1,0,0,0,0.0,0.0,0.0,0.0,0.0,0.0
113,10.429,30.5,27.0,-1,0,0,0,0.0,0.0,0.0,0.0,0.0,0.0
114,10.465,29.8,27.6,-1,0,0,0,0.0,0.0,0.0,0.0,0.0,0.0
115,10.5,30.9,28.4,-1,0,0,0,0.0,0.0,0.0,0.0,0.0,0.0
116,10.537,30.1,27.4,-1,0,0,0,0.0,0.0,0.0,0.0,0.0,0.0
117,10.572,29.6,28.0,-1,0,0,0,0.0,0.0,0.0,0.0,0.0,0.0
118,10.607,30.1,28.5,-1,0,0,0,0.0,0.0,0.0,0.0,0.0,0.0
119,10.643,29.5,27.9,-1,0,0,0,0.0,0.0,0.0,0.0,0.0,0.0
120,10.678,29.7,28.5,-1,0,0,0,0.0,0.0,0.0,0.0,0.0,0.0
121,10.714,30.2,28.2,-1,0,0,0,0.0,0.0,0.0,0.0,0.0,0.0
122,10.75,30.3,27.6,-1,0,0,0,0.0,0.0,0.0,0.0,0.0,0.0
123,10.786,30.0,27.9,-1,0,0,0,0.0,0.0,0.0,0.0,0.0,0.0
124,10.822,30.0,27.8,-1,0,0,0,0.0,0.0,0.0,0.0,0.0,0.0
125,10.858,30.8,27.6,-1,0,0,0,0.0,0.0,0.0,0.0,0.0,0.0
126,10.895,29.7,27.4,-1,0,0,0,0.0,0.0,0.0,0.0,0.0,0.0
127,10.93,29.9,28.4,-1,0,0,0,0.0,0.0,0.0,0.0,0.0,0.0
128,10.965,29.4,28.1,-1,0,0,0,0.0,0.0,0.0,0.0,0.0,0.0
129,11.001,29.6,28.5,-1,0,0,0,0.0,0.0,0.0,0.0,0.0,0.0
130,11.036,29.7,28.3,-1,0,0,0,0.0,0.0,0.0,0.0,0.0,0.0
131,11.072,29.6,28.1,-1,0,0,0,0.0,0.0,0.0,0.0,0.0,0.0
132,11.107,29.7,28.1,-1,0,0,0,0.0,0.0,0.0,0.0,0.0,0.0
133,11.143,29.6,28.3,-1,0,0,0,0.0,0.0,0.0,0.0,0.0,0.0
134,11.178,29.9,28.3,-1,0,0,0,0.0,0.0,0.0,0.0,0.0,0.0
135,11.214,29.7,27.9,-1,0,0,0,0.0,0.0,0.0,0.0,0.0,0.0
136,11.249,29.7,28.3,-1,0,0,0,0.0,0.0,0.0,0.0,0.0,0.0
137,11.284,29.6,28.1,-1,0,0,0,0.0,0.0,0.0,0.0,0.0,0.0
138,11.32,29.7,28.1,-1,0,0,0,0.0,0.0,0.0,0.0,0.0,0.0
139,11.356,30.9,28.1,-1,0,0,0,0.0,0.0,0.0,0.0,0.0,0.0
140,11.393,30.4,26.5,-1,0,0,0,0.0,0.0,0.0,0.0,0.0,0.0
141,11.43,29.9,27.5,-1,0,0,0,0.0,0.0,0.0,0.0,0.0,0.0
142,11.465,30.2,28.2,-1,0,0,0,0.0,0.0,0.0,0.0,0.0,0.0
143,11.501,29.6,27.7,-1,0,0,0,0.0,0.0,0.0,0.0,0.0,0.0
144,11.537,30.1,28.0,-1,0,0,0,0.0,0.0,0.0,0.0,0.0,0.0
145,11.573,29.8,27.6,-1,0,0,0,0.0,0.0,0.0,0.0,0.0,0.0
146,11.609,30.5,27.8,-1,0,0,0,0.0,0.0,0.0,0.0,0.0,0.0
147,11.645,30.4,27.5,-1,0,0,0,0.0,0.0,0.0,0.0,0.0,0.0
148,11.682,29.9,27.4,-1,0,0,0,0.0,0.0,0.0,0.0,0.0,0.0
149,11.718,30.1,27.9,-1,0,0,0,0.0,0.0,0.0,0.0,0.0,0.0
150,11.754,30.0,27.6,-1,0,0,0,0.0,0.0,0.0,0.0,0.0,0.0
151,11.79,30.6,27.8,-1,0,0,0,0.0,0.0,0.0,0.0,0.0,0.0
152,11.826,30.2,27.5,-1,0,0,0,0.0,0.0,0.0,0.0,0.0,0.0
153,11.862,29.8,28.0,-1,0,0,0,0.0,0.0,0.0,0.0,0.0,0.0
154,11.898,29.8,28.1,-1,0,0,0,0.0,0.0,0.0,0.0,0.0,0.0
155,11.933,29.5,28.1,-1,0,0,0,0.0,0.0,0.0,0.0,0.0,0.0
156,11.969,29.8,27.7,-1,0,0,0,0.0,0.0,0.0,0.0,0.0,0.0
157,12.005,31.4,28.3,-1,0,0,0,0.0,0.0,0.0,0.0,0.0,0.0
158,12.041,34.1,27.1,1,855,680,213609.86,0.8888,0.3797,0.3781,0.3359,0.038502,36.7
159,12.085,34.7,23.1,1,859,678,214347.88,0.8873,0.3776,0.369,0.3496,0.038556,35.8
160,12.127,33.5,23.6,1,855,680,209423.77,0.8977,0.3919,0.3831,0.3286,0.038528,36.1
161,12.169,34.6,23.5,1,851,684,208987.88,0.8986,0.3932,0.3963,0.3223,0.038542,35.7
162,12.211,31.6,23.8,-1,0,0,0,0.0,0.0,0.0,0.0,0.0,0.0
163,12.249,34.6,26.4,1,853,719,201034.39,0.9162,0.4163,0.5043,0.3347,0.038451,37.2
164,12.293,34.1,22.9,1,856,731,205826.84,0.9055,0.4023,0.5154,0.3431,0.037929,35.4
165,12.335,34.2,24.0,1,869,738,213756.83,0.8885,0.3793,0.5168,0.3817,0.037907,36.1
166,12.377,30.7,23.9,-1,0,0,0,0.0,0.0,0.0,0.0,0.0,0.0
167,12.413,30.5,27.2,-1,0,0,0,0.0,0.0,0.0,0.0,0.0,0.0
168,12.45,31.4,27.4,-1,0,0,0,0.0,0.0,0.0,0.0,0.0,0.0
169,12.488,33.8,26.5,1,908,697,227106.3,0.862,0.3406,0.386,0.4388,0.037972,35.4
170,12.529,33.5,24.2,1,921,653,215137.56,0.8857,0.3753,0.2101,0.464,0.037889,34.6
171,12.57,30.3,24.5,-1,0,0,0,0.0,0.0,0.0,0.0,0.0,0.0
172,12.606,30.7,27.5,-1,0,0,0,0.0,0.0,0.0,0.0,0.0,0.0
173,12.643,33.5,27.2,1,935,547,206132.78,0.9048,0.4015,0,0.4704,0.037851,35.9
174,12.685,34.2,23.9,1,934,527,228072.14,0.8602,0.3377,0,0.4575,0.037681,35.4
175,12.726,33.6,24.1,1,932,519,226798.81,0.8626,0.3414,0,0.4525,0.037719,36.0
176,12.768,32.9,23.9,1,929,518,222081.83,0.8717,0.3551,0.0387,0.4457,0.037768,33.9
177,12.808,33.2,25.2,1,925,521,223317.8,0.8693,0.3516,0.0559,0.4375,0.037556,34.3
178,12.848,33.6,24.9,1,920,526,221358.58,0.8731,0.3572,0.0708,0.4282,0.037507,36.0
179,12.89,33.1,23.8,1,917,531,220643.08,0.8745,0.3593,0.0819,0.427,0.037413,34.2
180,12.93,33.3,24.9,1,915,529,216807.69,0.8822,0.3705,0.0597,0.4259,0.037401,35.6
181,12.972,32.9,24.1,1,917,523,214214.97,0.8876,0.378,0.037,0.4366,0.037379,35.2
182,13.013,33.5,24.3,1,919,514,212813.73,0.8905,0.3821,0,0.4397,0.037669,36.0
183,13.055,33.7,23.8,1,923,505,216212.84,0.8834,0.3722,0,0.4496,0.038084,36.1
184,13.097,33.0,23.8,1,931,494,220538.2,0.8747,0.3596,-0.0369,0.4698,0.038185,35.4
185,13.138,33.8,24.2,1,938,487,227772.48,0.8607,0.3386,-0.0307,0.4788,0.033459,35.7
186,13.18,35.1,23.7,1,940,486,228290.11,0.8598,0.3371,0,0.4723,0.033192,37.8
187,13.225,33.9,22.5,1,940,486,228177.84,0.86,0.3374,0,0.4688,0.032661,36.3
188,13.267,33.9,23.4,1,939,484,227679.53,0.8609,0.3389,0,0.4654,0.031014,36.2
189,13.31,33.0,23.7,1,937,472,227188.92,0.8618,0.3403,-0.08,0.4603,0.031949,35.4
190,13.351,33.2,24.2,1,934,463,223896.19,0.8682,0.3499,-0.0907,0.4535,0.031949,34.3
191,13.391,33.4,24.9,1,932,456,224387.08,0.8672,0.3484,-0.1002,0.4524,0.031949,34.2
192,13.431,33.0,24.9,1,931,452,227781.83,0.8607,0.3386,-0.1007,0.4527,0.031949,33.8
193,13.471,33.4,25.2,1,930,453,236401.05,0.8449,0.3136,-0.0856,0.4512,0.031949,34.2
194,13.511,33.1,24.9,1,926,456,244556.5,0.8307,0.2899,-0.0742,0.4392,0.031949,34.4
195,13.552,33.2,24.6,1,925,452,235665.61,0.8462,0.3157,-0.0939,0.4434,0.028993,35.1
196,13.593,33.1,24.3,1,923,444,223377.83,0.8692,0.3514,-0.1247,0.4383,0.028993,34.1
197,13.633,32.9,25.0,1,918,440,219554.1,0.8767,0.3625,-0.1229,0.4245,0.028993,33.7
198,13.672,33.0,25.2,1,912,441,219306.5,0.8772,0.3632,-0.1076,0.4132,0.028993,33.8
199,13.712,32.9,25.2,1,911,441,221929.73,0.872,0.3556,-0.1103,0.4215,0.028993,33.7
200,13.752,33.3,25.2,1,911,438,220390.6,0.875,0.3601,-0.124,0.4234,0.028993,35.6
201,13.793,32.8,24.0,1,914,436,220864.72,0.8741,0.3587,-0.1281,0.434,0.029945,33.8
202,13.833,33.3,25.3,1,915,443,219708.89,0.8764,0.362,-0.0888,0.4316,0.029945,34.3
203,13.873,33.0,24.9,1,914,455,217847.08,0.8801,0.3674,-0.0505,0.4262,0.029945,33.8
204,13.913,33.2,25.2,1,913,467,222040.95,0.8718,0.3553,0,0.4246,0.029945,34.0
205,13.953,33.1,25.0,1,913,474,217221.02,0.8814,0.3693,0,0.4266,0.029945,33.9
206,13.993,33.0,25.0,1,917,479,215978.27,0.8839,0.3729,0,0.4404,0.029945,35.3
207,14.034,32.9,24.3,1,918,493,222944.95,0.87,0.3526,0.0353,0.4363,0.02932,33.8
208,14.074,32.8,25.2,1,921,502,223879.75,0.8682,0.3499,0.0401,0.445,0.02932,33.9
209,14.113,33.0,25.2,1,926,512,236858.34,0.8441,0.3122,0.0638,0.4568,0.02932,33.7
210,14.153,33.2,25.2,1,934,519,257328.33,0.8098,0.2528,0.0702,0.475,0.02932,34.1
211,14.193,33.0,25.0,1,945,509,259659.58,0.8062,0.246,0,0.4981,0.02932,33.8
212,14.233,33.6,25.1,1,953,506,260427.62,0.805,0.2438,0,0.504,0.02932,35.8
213,14.274,32.8,24.1,1,958,510,264921.9,0.7981,0.2307,0.0464,0.5068,0.028155,33.7
214,14.314,33.1,25.2,1,963,514,265404.53,0.7974,0.2293,0.0531,0.5144,0.028155,34.3
215,14.354,32.9,24.8,1,964,520,270108.6,0.7904,0.2157,0.0709,0.5082,0.028155,33.7
216,14.394,33.0,25.2,1,962,533,266669.6,0.7955,0.2257,0.1163,0.4992,0.028155,33.8
217,14.434,33.6,25.1,1,961,544,264775.4,0.7983,0.2312,0.1336,0.4996,0.028155,34.4
218,14.474,32.8,24.8,1,958,549,262425.12,0.8019,0.238,0.1284,0.4911,0.028155,34.8
219,14.514,33.3,24.6,1,955,553,259028.1,0.8071,0.2479,0.1355,0.4864,0.027606,34.4
220,14.555,33.7,24.7,1,953,563,255726.08,0.8123,0.2574,0.1708,0.4852,0.027606,34.8
221,14.596,33.6,24.5,1,951,572,254293.25,0.8146,0.2616,0.1873,0.4821,0.027606,34.4
222,14.636,33.7,24.8,1,954,579,257040.06,0.8103,0.2536,0.1967,0.4964,0.027606,34.4
223,14.676,33.4,24.8,1,956,584,260064.31,0.8055,0.2449,0.202,0.4976,0.027606,34.2
224,14.717,33.5,24.9,1,959,591,261892.64,0.8027,0.2395,0.2211,0.504,0.027606,35.7
225,14.758,33.0,24.0,1,955,604,262830.34,0.8013,0.2368,0.2648,0.4843,0.027591,33.8
226,14.798,32.7,25.2,1,952,610,260523.05,0.8048,0.2435,0.259,0.4816,0.027591,33.8
227,14.838,30.2,25.2,-1,0,0,0,0.0,0.0,0.0,0.0,0.0,0.0
228,14.874,32.7,27.7,1,940,603,248071.1,0.8248,0.2797,0.219,0.4563,0.027591,33.5
229,14.913,32.9,25.4,1,927,592,245078.95,0.8298,0.2884,0.1767,0.4227,0.027591,33.6
230,14.953,33.8,25.3,1,896,576,238837.98,0.8406,0.3065,0.1327,0.3423,0.027591,36.2
231,14.995,33.3,23.8,1,872,567,237844.28,0.8423,0.3094,0.1288,0.3157,0.028246,34.2
232,15.035,33.4,25.0,1,851,561,235145.28,0.8471,0.3172,0.125,0.289,0.028246,34.4
233,15.075,33.4,24.8,1,827,556,234576.42,0.8482,0.3189,0.1171,0.2453,0.028246,34.2
234,15.115,33.0,24.9,1,808,561,247458.17,0.8258,0.2815,0.1536,0.2252,0.028246,33.8
235,15.155,33.7,25.1,1,784,560,244292.45,0.8311,0.2906,0.1358,0.1787,0.028246,34.5
236,15.195,33.6,24.7,1,766,554,232631.86,0.8517,0.3245,0.111,0.1632,0.028246,35.8
237,15.237,33.2,24.0,1,753,550,228785.94,0.8588,0.3357,0.1059,0.1512,0.028809,34.1
238,15.277,33.4,25.1,1,743,547,227306.05,0.8616,0.34,0.103,0.1415,0.028809,34.6
239,15.318,33.1,24.7,1,735,543,228932.95,0.8586,0.3352,0.092,0.1328,0.028809,34.0
240,15.357,33.2,25.2,1,726,534,228419.7,0.8595,0.3367,0.0601,0.1167,0.028809,34.0
241,15.397,33.2,25.2,1,720,528,228302.25,0.8597,0.3371,0.0554,0.1132,0.028809,33.9
242,15.437,33.4,25.1,1,714,521,226184.38,0.8638,0.3432,0.0391,0.1044,0.028809,35.5
243,15.478,33.3,24.1,1,709,516,226158.34,0.8638,0.3433,0.032,0.0981,0.02934,34.1
244,15.518,33.1,25.0,1,705,512,228898.45,0.8586,0.3353,0,0.0938,0.02934,34.2
245,15.559,33.5,24.9,1,695,508,232671.38,0.8516,0.3244,0,0.0665,0.02934,34.3
246,15.599,32.8,24.9,1,690,506,233504.88,0.8501,0.322,0,0.0682,0.02934,33.6
247,15.638,30.5,25.4,-1,0,0,0,0.0,0.0,0.0,0.0,0.0,0.0
248,15.674,33.1,27.5,1,683,503,229797.97,0.8569,0.3327,0,0.0602,0.02934,36.0
249,15.716,33.7,23.9,1,681,502,227961.61,0.8604,0.3381,0,0.0602,0.029362,34.7
250,15.757,33.6,24.6,1,676,499,227149.6,0.8619,0.3404,0,0.0466,0.029362,34.6
251,15.797,32.8,24.7,1,673,498,227400.14,0.8614,0.3397,0,0.0456,0.029362,33.6
252,15.837,33.0,25.3,1,671,499,226604.56,0.863,0.342,0,0.0445,0.029362,33.8
253,15.877,32.9,25.1,1,671,499,225712.83,0.8647,0.3446,0,0.0484,0.029362,33.7
254,15.916,33.5,25.2,1,671,500,225706.98,0.8647,0.3446,0,0.0484,0.029362,35.7
255,15.958,33.0,24.0,1,672,501,224215.83,0.8675,0.3489,0,0.052,0.029947,33.9
256,15.998,32.9,25.2,1,673,501,223673.42,0.8686,0.3505,0,0.0535,0.029947,34.0
257,16.038,32.9,25.1,1,674,501,223308.48,0.8693,0.3516,0,0.0551,0.029947,33.7
258,16.077,33.0,25.2,1,676,500,223249.42,0.8694,0.3517,0,0.0602,0.029947,33.8
259,16.117,33.5,25.1,1,678,499,223992.1,0.868,0.3496,0,0.0632,0.029947,34.3
260,16.157,32.8,24.8,1,680,499,224442.39,0.8671,0.3483,0,0.0663,0.029947,35.1
261,16.198,32.8,24.3,1,682,498,225815.03,0.8645,0.3443,0,0.0696,0.030374,33.7
262,16.238,33.3,25.3,1,682,497,226581.2,0.863,0.3421,0,0.0656,0.030374,34.3
263,16.278,33.4,24.9,1,683,496,226596.42,0.863,0.342,0,0.0691,0.030374,34.4
264,16.319,33.3,24.6,1,683,495,227269.72,0.8617,0.3401,0,0.0672,0.030374,34.0
265,16.359,34.5,24.9,1,682,494,228687.47,0.859,0.336,0,0.0637,0.030374,35.3
266,16.4,33.5,24.4,1,683,495,228702.45,0.859,0.3359,0,0.0691,0.030374,35.8
267,16.442,33.3,23.9,1,684,496,228083.77,0.8602,0.3377,0,0.0707,0.030889,34.2
268,16.482,33.4,24.9,1,685,497,227183.72,0.8619,0.3403,0,0.0722,0.030889,34.5
269,16.522,32.9,24.7,1,687,497,227493.61,0.8613,0.3394,0,0.0774,0.030889,33.7
270,16.562,32.9,25.2,1,694,500,226634.4,0.8629,0.3419,0,0.0982,0.030889,33.7
271,16.602,33.2,25.4,1,700,500,225848.39,0.8644,0.3442,0,0.1055,0.030889,34.0
272,16.641,33.4,25.0,1,704,502,226365.75,0.8634,0.3427,0,0.1075,0.030889,35.6
273,16.683,33.4,24.1,1,706,502,227657.88,0.861,0.3389,0,0.107,0.031368,34.4
274,16.723,33.4,24.7,1,707,503,228486.2,0.8594,0.3365,0,0.1066,0.031368,34.5
275,16.764,32.9,24.7,1,706,502,226313.77,0.8635,0.3429,0,0.1011,0.031368,33.6
276,16.804,33.4,25.3,1,705,501,226197.1,0.8637,0.3432,0,0.0996,0.031368,34.2
277,16.844,33.4,24.9,1,704,500,226635.44,0.8629,0.3419,0,0.0981,0.031368,34.2
278,16.884,33.0,24.9,1,702,498,226312.05,0.8635,0.3429,0,0.0931,0.031368,35.2
279,16.925,33.0,24.3,1,699,496,228770.72,0.8589,0.3357,0,0.0863,0.031775,33.9
280,16.965,33.0,25.1,1,696,495,230448.19,0.8557,0.3308,0,0.0816,0.031775,34.0
281,17.005,33.4,25.1,1,693,493,230650.03,0.8554,0.3303,0,0.0769,0.031775,34.2
282,17.045,33.2,25.0,1,690,491,228544.86,0.8593,0.3364,0,0.0722,0.031775,34.0
283,17.085,32.9,25.0,1,687,488,226000.34,0.8641,0.3438,0,0.0677,0.031775,34.6
284,17.125,32.9,24.8,1,684,485,225457.08,0.8651,0.3453,0,0.063,0.031775,35.8
285,17.167,34.7,23.9,1,683,484,224877.12,0.8663,0.347,0,0.0653,0.032073,36.2
286,17.21,32.9,23.2,1,681,483,224729.94,0.8665,0.3475,0,0.0603,0.032073,34.0
287,17.25,33.6,25.0,1,679,482,225855.36,0.8644,0.3442,-0.0305,0.0571,0.032073,34.4
288,17.29,33.3,24.7,1,678,482,226249.48,0.8636,0.343,0,0.0574,0.032073,34.3
289,17.331,33.3,24.9,1,675,480,226883.27,0.8624,0.3412,-0.0373,0.0488,0.032073,34.0
290,17.371,33.3,25.0,1,673,479,227650.64,0.861,0.339,-0.0367,0.0478,0.032073,35.6
291,17.412,33.6,24.1,1,671,477,227793.7,0.8607,0.3386,-0.0443,0.0446,0.032422,34.5
292,17.453,33.5,24.6,1,668,475,227174.28,0.8619,0.3404,-0.048,0.038,0.032422,34.6
293,17.493,33.3,24.7,1,666,474,226805.44,0.8626,0.3414,-0.0475,0.0367,0.032422,34.1
294,17.534,32.8,24.6,1,663,475,232429.28,0.8521,0.3251,-0.0403,0.0301,0.032422,33.6
295,17.573,33.0,25.4,1,661,476,234966.58,0.8475,0.3177,-0.0381,0,0.032422,33.8
296,17.613,33.0,25.3,1,660,476,236825.08,0.8441,0.3123,-0.0408,0,0.032422,35.2
297,17.654,34.2,24.2,1,658,477,242850.02,0.8336,0.2948,-0.0359,0,0.032288,35.1
298,17.695,32.7,24.4,1,658,480,245840.94,0.8285,0.2862,0,0,0.032288,33.7
299,17.735,33.2,25.2,1,658,479,243059.86,0.8332,0.2942,-0.037,0,0.032288,33.9
300,17.774,32.8,25.2,1,659,478,237993.73,0.8421,0.3089,-0.0391,0.0317,0.032288,33.6
301,17.814,32.9,25.3,1,660,481,238710.25,0.8408,0.3069,0,0.0332,0.032288,33.7
302,17.853,33.6,25.2,1,663,481,231884.66,0.8531,0.3267,-0.0302,0.0415,0.032288,35.8
303,17.895,33.3,23.9,1,664,481,229915.16,0.8567,0.3324,-0.0305,0.0394,0.032418,34.2
304,17.935,33.1,25.0,1,665,479,226970.95,0.8623,0.3409,-0.0397,0.041,0.032418,34.2
305,17.975,33.4,24.9,1,665,478,226649.33,0.8629,0.3419,-0.0392,0.0391,0.032418,34.2
306,18.016,33.3,24.9,1,664,480,230742.16,0.8552,0.33,0,0.0355,0.032418,34.1
307,18.056,33.9,25.0,1,663,479,229682.16,0.8572,0.3331,-0.0371,0.034,0.032418,34.7
308,18.096,33.4,24.6,1,663,481,235215.22,0.847,0.317,0,0.0359,0.032418,35.6
309,18.138,32.8,24.1,1,663,479,230832.55,0.855,0.3297,-0.0403,0.0359,0.032673,33.8
310,18.177,33.3,25.2,1,663,479,230110.03,0.8564,0.3318,-0.0348,0.0359,0.032673,34.4
311,18.218,33.1,24.8,1,663,479,230149.78,0.8563,0.3317,-0.0348,0.0359,0.032673,34.0
312,18.258,32.9,25.1,1,663,480,228566.27,0.8592,0.3363,-0.0301,0.0359,0.032673,33.7
313,18.297,33.3,25.2,1,663,482,229389.08,0.8577,0.3339,0,0.0359,0.032673,34.4
314,18.338,33.0,24.8,1,664,482,228954.73,0.8585,0.3352,0,0.0394,0.032673,35.2
315,18.379,33.4,24.3,1,665,481,225959.11,0.8642,0.3439,-0.0339,0.041,0.032991,34.3
316,18.419,35.0,25.0,1,665,479,223874.66,0.8682,0.3499,-0.0401,0.0391,0.032991,36.3
317,18.461,34.3,23.6,1,665,480,224649.9,0.8667,0.3477,-0.0305,0.0391,0.032991,35.1
318,18.502,33.3,24.4,1,664,481,225234.06,0.8656,0.346,0,0.0355,0.032991,34.0
319,18.542,33.0,25.0,1,663,481,225137.19,0.8658,0.3463,-0.0309,0.034,0.032991,35.1
320,18.583,33.8,24.3,1,663,484,230227.23,0.8561,0.3315,0,0.0359,0.033328,34.8
321,18.624,34.2,24.5,1,662,485,233748.31,0.8497,0.3213,0,0.0325,0.033328,35.4
322,18.665,33.3,24.3,1,662,484,231243.62,0.8543,0.3285,0,0.0344,0.033328,34.1
323,18.705,32.7,25.0,1,662,481,226105.58,0.8639,0.3435,-0.0392,0.0344,0.033328,33.5
324,18.745,33.3,25.4,1,662,479,224312.64,0.8674,0.3487,-0.0406,0.0344,0.033328,34.1
325,18.785,33.0,25.0,1,662,477,224028.56,0.8679,0.3495,-0.0448,0.0344,0.033328,33.7
326,18.824,33.1,25.1,1,662,478,228570.45,0.8592,0.3363,-0.0351,0.0344,0.033374,35.3
327,18.866,32.7,24.2,1,663,476,225691.14,0.8647,0.3447,-0.047,0.0379,0.033374,33.8
328,18.905,32.7,25.3,1,663,477,226642.11,0.8629,0.3419,-0.037,0.0359,0.033374,33.5
329,18.945,33.3,25.4,1,664,475,223439.22,0.869,0.3512,-0.049,0.0395,0.033374,34.1
330,18.985,33.2,24.9,1,664,476,225112.02,0.8658,0.3463,-0.0391,0.0375,0.033374,34.0
331,19.025,33.0,25.0,1,665,476,222931.39,0.87,0.3527,-0.0417,0.041,0.033374,33.8
332,19.064,33.5,25.1,1,665,476,223809.16,0.8683,0.3501,-0.0426,0.0391,0.033765,35.7
333,19.106,32.9,23.9,1,665,475,222664.42,0.8706,0.3534,-0.0468,0.0391,0.033765,34.0
334,19.146,33.4,25.1,1,665,477,224446.28,0.8671,0.3483,-0.0348,0.0391,0.033765,34.2
335,19.186,33.8,24.9,1,664,479,227475.27,0.8613,0.3395,-0.0307,0.0356,0.033765,34.7
336,19.227,33.2,24.7,1,664,480,227738.31,0.8608,0.3387,-0.0312,0.0375,0.033765,34.0
337,19.267,33.4,25.2,1,663,482,230033.84,0.8565,0.332,0,0.0341,0.033765,35.7
338,19.308,32.9,24.0,1,663,482,229548.47,0.8574,0.3335,-0.0314,0.0359,0.034568,33.8
339,19.348,33.1,25.1,1,663,481,228310.31,0.8597,0.3371,-0.0351,0.0359,0.034568,34.2
340,19.388,33.0,24.9,1,663,481,229211.06,0.858,0.3344,-0.0325,0.0359,0.034568,33.8
341,19.428,33.0,25.1,1,661,480,225548.11,0.865,0.3451,-0.0372,0,0.034568,33.8
342,19.468,33.1,25.2,1,660,477,221419.05,0.873,0.3571,-0.0487,0,0.034568,33.8
343,19.507,33.0,25.2,1,660,481,227803.75,0.8607,0.3385,0,0.0312,0.034568,35.1
344,19.548,33.9,24.4,1,660,479,226509.1,0.8631,0.3423,-0.0431,0.0312,0.035212,36.0
345,19.59,33.0,23.8,1,661,479,229124.27,0.8582,0.3347,-0.0373,0.0348,0.035212,34.1
346,19.63,33.3,25.1,1,662,478,228114.28,0.8601,0.3376,-0.042,0.0363,0.035212,34.1
347,19.67,32.8,25.1,1,662,477,228340.06,0.8597,0.337,-0.0441,0.0344,0.035212,33.6
348,19.709,32.9,25.4,1,662,476,226959.36,0.8623,0.341,-0.0462,0.0344,0.035212,33.7
349,19.749,33.7,25.2,1,662,476,226081.31,0.864,0.3435,-0.0436,0.0344,0.035212,36.1
350,19.791,33.0,23.6,1,661,478,227197.61,0.8618,0.3403,-0.0336,0.0309,0.034946,34.0
351,19.831,33.6,25.0,1,660,479,226350.31,0.8634,0.3427,-0.0345,0,0.034946,34.7
352,19.872,32.8,24.6,1,660,481,228823.27,0.8588,0.3356,0,0.0312,0.034946,33.6
353,19.911,33.3,25.3,1,659,485,234931.16,0.8475,0.3178,0,0,0.034946,34.1
354,19.951,33.2,25.0,1,659,482,230553.7,0.8555,0.3305,-0.0386,0,0.034946,34.0
355,19.991,33.9,25.2,1,656,476,219824.64,0.8762,0.3617,-0.0582,0,0.034946,36.0
356,20.033,33.2,24.0,1,654,474,215585.53,0.8847,0.374,-0.0536,0,0.035351,34.2
357,20.073,32.8,25.0,1,651,473,214168.28,0.8877,0.3781,-0.0526,0,0.035351,33.9
358,20.113,32.6,24.7,1,648,473,213432.12,0.8892,0.3803,-0.0499,0,0.035351,33.4
359,20.153,33.5,25.3,1,646,474,212761.98,0.8906,0.3822,-0.0453,0,0.035351,34.3
360,20.193,33.5,25.0,1,644,475,214672.69,0.8866,0.3767,-0.0432,0,0.035351,34.3
361,20.233,33.4,24.8,1,643,475,214880.97,0.8862,0.376,-0.0458,0,0.035351,35.5
362,20.275,32.9,24.1,1,644,476,214899.88,0.8861,0.376,-0.0418,0,0.035686,33.8
363,20.315,33.2,25.2,1,645,476,215308.78,0.8853,0.3748,-0.044,0,0.035686,34.5
364,20.355,32.9,24.7,1,646,476,216305.64,0.8833,0.3719,-0.044,0,0.035686,33.7
365,20.395,34.3,25.2,1,646,477,216426.62,0.883,0.3716,-0.0394,0,0.035686,35.1
366,20.436,33.5,24.4,1,646,477,215653.22,0.8846,0.3738,-0.042,0,0.035686,34.3
367,20.476,33.6,24.9,1,645,476,215304.6,0.8853,0.3748,-0.0465,0,0.035686,35.8
368,20.518,33.7,24.0,1,645,477,215797.2,0.8843,0.3734,-0.0402,0,0.036061,34.6
369,20.558,33.0,24.6,1,644,481,218427.36,0.879,0.3658,0,0,0.036061,34.0
370,20.598,33.3,25.2,1,643,482,219468.95,0.8769,0.3627,0,0,0.036061,34.0
371,20.638,33.5,25.0,1,643,483,218516.47,0.8788,0.3655,0,0,0.036061,34.2
372,20.678,33.3,24.9,1,644,484,220439.3,0.8749,0.3599,0,0,0.036061,34.1
373,20.718,33.6,25.0,1,644,485,221303.44,0.8732,0.3574,0,0,0.036061,35.9
374,20.76,32.9,24.0,1,644,486,223702.55,0.8685,0.3504,0,0,0.036199,33.8
375,20.8,32.9,25.1,1,644,485,220988.55,0.8739,0.3583,0,0,0.036199,33.9
376,20.84,33.5,25.1,1,645,483,217987.8,0.8798,0.367,-0.0351,0,0.036199,34.3
377,20.88,33.4,24.9,1,645,482,216311.75,0.8832,0.3719,-0.0346,0,0.036199,34.2
378,20.92,33.2,24.9,1,645,482,218366.02,0.8791,0.3659,-0.032,0,0.036199,34.0
379,20.96,33.6,25.1,1,645,482,217295.66,0.8812,0.369,-0.032,0,0.036199,35.9
380,21.002,33.4,23.9,1,645,483,219267.27,0.8773,0.3633,0,0,0.036151,34.2
381,21.042,33.3,24.9,1,645,484,219605.2,0.8766,0.3623,0,0,0.036151,34.3
382,21.082,33.5,25.0,1,645,484,217061.14,0.8817,0.3697,0,0,0.036151,34.3
383,21.122,33.6,24.8,1,644,484,216425.94,0.883,0.3716,0,0,0.036151,34.3
384,21.163,33.4,24.8,1,644,484,216819.33,0.8822,0.3704,0,0,0.036151,34.2
385,21.203,32.9,25.0,1,645,485,217541.9,0.8807,0.3683,0,0,0.036151,35.0
386,21.244,33.5,24.4,1,645,484,217209.84,0.8814,0.3693,-0.0311,0,0.036464,34.4
387,21.284,33.3,24.9,1,645,484,216781.95,0.8823,0.3705,0,0,0.036464,34.5
388,21.324,32.9,24.8,1,645,484,218013.42,0.8798,0.367,0,0,0.036464,33.7
389,21.364,33.2,25.3,1,645,483,218322.03,0.8792,0.3661,-0.0329,0,0.036464,34.0
390,21.403,33.4,25.2,1,645,482,217664.62,0.8805,0.368,-0.0349,0,0.036464,34.2
391,21.444,33.6,24.9,1,644,483,218332.31,0.8791,0.366,0,0,0.036464,35.8
392,21.485,33.9,23.9,1,643,481,214931.98,0.8861,0.3759,-0.0394,0,0.036459,35.2
393,21.526,33.4,24.3,1,643,485,216220.92,0.8834,0.3722,0,0,0.036459,34.4
394,21.567,33.2,24.9,1,643,487,216699.77,0.8825,0.3708,0,0,0.036459,34.0
395,21.606,33.3,25.1,1,643,488,215575.39,0.8848,0.374,0,0,0.036459,34.4
396,21.647,33.7,24.8,1,643,489,215724.34,0.8844,0.3736,0,0,0.036459,34.5
397,21.687,33.4,24.6,1,643,490,215017.69,0.8859,0.3757,0,0,0.036459,35.5
398,21.729,33.3,24.2,1,643,490,214284.47,0.8874,0.3778,0,0,0.036064,34.2
399,21.769,34.4,25.0,1,643,490,215089.3,0.8858,0.3754,0,0,0.036064,35.5
400,21.81,33.4,24.2,1,642,489,214012.72,0.888,0.3786,0,0,0.036064,34.1
401,21.85,33.6,24.9,1,642,489,214183.08,0.8876,0.3781,0,0,0.036064,34.4
402,21.891,33.8,24.7,1,642,490,218053.81,0.8797,0.3668,0,0,0.036064,34.9
403,21.932,33.4,24.5,1,643,490,218684.67,0.8784,0.365,0,0,0.036064,35.5
404,21.973,32.8,24.1,1,643,489,216401.72,0.8831,0.3716,0,0,0.036212,33.7
405,22.013,33.4,25.2,1,643,488,214750.86,0.8865,0.3764,0,0,0.036212,34.5
406,22.053,32.8,24.8,1,643,487,214830.3,0.8863,0.3762,0,0,0.036212,33.6
407,22.093,32.8,25.3,1,643,486,214904.64,0.8861,0.376,0,0,0.036212,33.6
408,22.132,32.9,25.4,1,643,485,214601.42,0.8868,0.3769,0,0,0.036212,34.0
409,22.172,33.3,25.1,1,643,485,215989.14,0.8839,0.3728,0,0,0.036212,35.4
410,22.213,33.3,24.2,1,643,485,215917.42,0.8841,0.373,0,0,0.036423,34.3
411,22.254,33.2,24.8,1,644,486,216633.0,0.8826,0.371,0,0,0.036423,34.3
412,22.294,32.8,24.9,1,644,485,217099.16,0.8816,0.3696,0,0,0.036423,33.9
413,22.334,32.9,25.1,1,645,485,217872.3,0.8801,0.3674,0,0,0.036423,33.8
414,22.373,34.1,25.1,1,645,484,215788.08,0.8843,0.3734,-0.0306,0,0.036423,35.0
415,22.414,34.4,24.4,1,646,483,215154.25,0.8856,0.3753,-0.0326,0,0.036423,36.8
416,22.457,33.5,23.4,1,649,480,212800.08,0.8905,0.3821,-0.0443,0,0.036485,34.5
417,22.497,33.3,24.8,1,653,478,212532.56,0.8911,0.3829,-0.0459,0,0.036485,34.3
418,22.538,33.6,24.8,1,655,476,212950.33,0.8902,0.3817,-0.05,0,0.036485,34.4
419,22.578,32.8,24.7,1,656,477,218423.92,0.879,0.3658,-0.0401,0,0.036485,33.6
420,22.618,33.1,25.3,1,658,483,235842.48,0.8459,0.3152,0,0.032,0.036485,34.0
421,22.658,33.5,25.0,1,659,486,243341.62,0.8327,0.2934,0,0.0316,0.036678,35.6
422,22.699,33.5,24.1,1,660,488,247169.94,0.8263,0.2823,0,0.0332,0.036678,34.5
423,22.74,32.8,24.7,1,663,480,231144.22,0.8544,0.3288,-0.0578,0.0419,0.036678,33.6
424,22.779,33.4,25.4,1,666,475,224173.73,0.8676,0.3491,-0.0601,0.0465,0.036678,34.2
425,22.82,33.8,24.8,1,667,472,217839.62,0.8801,0.3675,-0.061,0.0441,0.036678,34.6
426,22.86,32.8,24.6,1,675,468,213458.94,0.8891,0.3802,-0.0722,0.0705,0.036678,33.6
427,22.9,33.2,25.3,1,680,467,212523.53,0.8911,0.3829,-0.0672,0.0719,0.0371,35.4
428,22.941,33.0,24.2,1,685,465,211113.27,0.8941,0.387,-0.0736,0.0801,0.0371,34.1
429,22.981,32.8,25.0,1,695,463,212557.14,0.891,0.3828,-0.0778,0.1057,0.0371,33.6
430,23.021,33.1,25.3,1,711,462,219446.8,0.8769,0.3628,-0.0772,0.1423,0.0371,34.0
431,23.06,33.1,25.1,1,721,459,222141.58,0.8716,0.355,-0.0887,0.1462,0.0371,33.9
432,23.1,33.3,25.2,1,732,453,216860.16,0.8821,0.3703,-0.1091,0.1653,0.0371,34.1
433,23.14,33.7,24.9,1,738,446,210909.27,0.8945,0.3876,-0.125,0.1641,0.037044,36.4
434,23.183,33.4,23.6,1,741,443,208689.56,0.8992,0.394,-0.1219,0.1636,0.037044,34.5
435,23.223,33.6,24.8,1,747,442,210388.38,0.8956,0.3891,-0.1188,0.1788,0.037044,34.4
436,23.263,33.3,24.8,1,751,442,210272.25,0.8958,0.3894,-0.1162,0.1813,0.037044,34.1
437,23.303,33.3,25.1,1,755,441,210337.6,0.8957,0.3892,-0.1209,0.1875,0.037044,34.3
438,23.343,33.4,24.9,1,761,442,213182.69,0.8897,0.381,-0.1137,0.2004,0.037044,35.6
439,23.385,33.4,24.1,1,768,441,213343.69,0.8894,0.3805,-0.1221,0.2136,0.037561,34.4
440,23.425,33.3,24.8,1,778,444,220125.12,0.8756,0.3608,-0.1048,0.235,0.037561,34.4
441,23.466,34.1,24.8,1,787,444,220952.8,0.8739,0.3584,-0.1126,0.2469,0.037561,34.8
442,23.506,32.8,24.4,1,792,442,218317.75,0.8792,0.3661,-0.122,0.2474,0.037561,33.6
443,23.546,33.1,25.4,1,795,443,221301.08,0.8732,0.3574,-0.112,0.2481,0.037561,33.9
444,23.586,33.8,25.1,1,797,444,222727.0,0.8704,0.3533,-0.1101,0.2491,0.037561,35.4
445,23.627,33.9,24.1,1,798,445,224868.64,0.8663,0.347,-0.1087,0.2487,0.037878,35.9
446,23.669,34.2,23.8,1,799,447,228550.45,0.8593,0.3364,-0.1016,0.2503,0.037878,35.3
447,23.711,33.5,24.2,1,801,444,221984.5,0.8719,0.3554,-0.1207,0.2554,0.037878,34.3
448,23.751,33.6,24.9,1,804,442,219575.9,0.8767,0.3624,-0.1222,0.2621,0.037878,34.4
449,23.791,33.4,24.7,1,809,441,217788.02,0.8802,0.3676,-0.1217,0.2738,0.037878,34.1
450,23.831,33.4,25.0,1,815,448,229680.72,0.8572,0.3331,-0.087,0.2847,0.037878,35.5
451,23.873,33.4,24.1,1,817,452,234610.92,0.8481,0.3188,-0.0862,0.2805,0.038033,34.3
452,23.913,32.9,24.9,1,820,448,225798.94,0.8645,0.3443,-0.1152,0.2871,0.038033,34.0
453,23.953,33.1,25.0,1,825,445,220414.44,0.875,0.36,-0.1188,0.2989,0.038033,33.9
454,23.993,32.8,25.1,1,828,447,221093.5,0.8736,0.358,-0.1015,0.2997,0.038033,33.5
455,24.032,33.1,25.3,1,833,455,238066.72,0.8419,0.3087,-0.0692,0.3114,0.038033,33.9
456,24.072,33.4,25.1,1,842,455,237680.86,0.8426,0.3098,-0.0901,0.3325,0.038033,35.6
457,24.114,33.8,24.1,1,849,459,246121.67,0.828,0.2853,-0.0718,0.34,0.038159,34.8
458,24.154,33.4,24.5,1,855,458,242724.25,0.8338,0.2952,-0.0866,0.3475,0.038159,34.4
459,24.195,33.0,24.8,1,862,460,247296.05,0.8261,0.2819,-0.0746,0.3607,0.038159,33.8
460,24.234,32.9,25.2,1,868,457,245524.44,0.829,0.2871,-0.094,0.3681,0.038159,33.7
461,24.274,32.9,25.3,1,870,456,244653.17,0.8305,0.2896,-0.0908,0.3633,0.038159,33.7
462,24.314,33.1,25.2,1,869,456,242817.42,0.8336,0.2949,-0.0882,0.3559,0.038159,35.3
463,24.355,33.1,24.2,1,866,456,235433.3,0.8466,0.3164,-0.088,0.3473,0.038065,34.2
464,24.395,32.9,25.0,1,861,458,230156.25,0.8563,0.3317,-0.0787,0.3355,0.038065,33.9
465,24.435,33.2,25.0,1,850,465,223719.8,0.8685,0.3504,-0.0511,0.3066,0.038065,34.1
466,24.475,33.5,25.0,1,841,472,220995.89,0.8738,0.3583,-0.0366,0.2966,0.038065,34.2
467,24.515,33.4,24.9,1,830,483,214598.12,0.8868,0.3769,0,0.2755,0.038065,34.3
468,24.555,33.4,25.0,1,814,498,212285.89,0.8916,0.3836,0.0371,0.2418,0.038065,35.6
469,24.597,32.8,24.0,1,805,505,213522.72,0.889,0.38,0.0328,0.2401,0.037894,33.6
470,24.636,33.0,25.3,1,798,508,218287.47,0.8792,0.3662,0,0.2332,0.037894,34.1
471,24.676,33.3,25.0,1,789,506,214714.47,0.8865,0.3765,0,0.2152,0.037894,34.1
472,24.716,33.2,25.0,1,777,507,211151.81,0.894,0.3869,0,0.1906,0.037894,34.1
473,24.756,33.0,25.0,1,758,533,210903.58,0.8945,0.3876,0.1407,0.147,0.037894,33.7
474,24.796,33.3,25.3,1,745,556,215574.11,0.8848,0.374,0.1786,0.1394,0.037894,35.3
475,24.837,33.5,24.3,1,740,567,212128.4,0.8919,0.384,0.1718,0.1466,0.037894,34.4
476,24.877,33.4,24.8,1,739,571,209841.39,0.8968,0.3907,0.162,0.1528,0.037894,34.5
477,24.918,33.2,24.6,1,739,574,208004.62,0.9007,0.396,0.1657,0.1547,0.037894,34.0
478,24.958,33.5,25.1,1,742,579,208457.14,0.8997,0.3947,0.1813,0.1652,0.037894,34.3
479,24.998,33.5,24.8,1,742,585,212091.44,0.892,0.3841,0.1964,0.1594,0.037894,34.3
480,25.038,33.6,24.8,1,740,590,211223.81,0.8938,0.3867,0.2037,0.1525,0.037894,35.7
481,25.08,33.5,24.0,1,737,610,218362.83,0.8791,0.3659,0.2839,0.1457,0.038201,34.4
482,25.12,33.1,24.8,1,736,626,219505.1,0.8768,0.3626,0.3076,0.148,0.038201,34.1
483,25.16,32.9,25.0,1,735,632,219807.95,0.8762,0.3617,0.2942,0.1465,0.038201,33.7
484,25.2,32.8,25.2,1,735,634,219872.53,0.8761,0.3616,0.2879,0.1484,0.038201,33.5
485,25.239,32.9,25.4,1,735,634,219970.16,0.8759,0.3613,0.2826,0.1484,0.038201,33.6
486,25.279,33.3,25.3,1,735,634,219390.1,0.877,0.363,0.2826,0.1484,0.038201,35.5
487,25.32,33.1,24.2,1,734,633,221220.03,0.8734,0.3576,0.2783,0.1449,0.038049,34.0
488,25.36,32.9,25.0,1,733,633,220698.22,0.8744,0.3592,0.2807,0.1433,0.038049,33.9
489,25.4,33.0,25.1,1,733,633,221985.92,0.8719,0.3554,0.2807,0.1453,0.038049,33.8
490,25.44,33.3,25.2,1,733,632,221823.66,0.8722,0.3559,0.276,0.1453,0.038049,34.2
491,25.48,33.5,24.9,1,731,633,220645.92,0.8745,0.3593,0.2833,0.1383,0.038049,34.3
492,25.52,33.7,24.8,1,729,631,219721.36,0.8764,0.362,0.2715,0.1353,0.038049,35.9
493,25.562,32.9,23.9,1,726,631,218758.4,0.8783,0.3648,0.2761,0.1285,0.038238,33.8
494,25.601,33.1,25.3,1,723,631,217747.2,0.8803,0.3677,0.2763,0.1238,0.038238,34.2
495,25.642,34.2,24.9,1,719,630,216166.5,0.8835,0.3723,0.2717,0.1158,0.038238,35.0
496,25.682,33.4,24.4,1,715,630,216025.33,0.8838,0.3727,0.2742,0.1094,0.038238,34.2
497,25.723,33.4,24.6,1,699,633,212404.16,0.8913,0.3832,0.2882,0.0614,0.038238,34.2
498,25.763,33.5,25.0,1,687,636,209825.56,0.8968,0.3907,0.2943,0.0509,0.038238,35.6
499,25.805,33.5,24.1,1,679,638,209707.83,0.897,0.3911,0.2971,0.0454,0.037782,34.4
500,25.845,33.3,25.0,1,670,646,223288.72,0.8693,0.3516,0.3289,0,0.037782,34.3
501,25.885,33.5,24.8,1,662,641,213767.36,0.8885,0.3793,0.2847,0,0.037782,34.4
502,25.925,33.2,24.8,1,649,639,208806.92,0.899,0.3937,0.2882,0,0.037782,34.0
503,25.965,32.8,25.1,1,639,638,206463.23,0.9041,0.4005,0.2887,0,0.037782,33.6
504,26.004,32.8,25.4,1,630,636,205492.89,0.9062,0.4033,0.2821,-0.0329,0.037782,34.9
505,26.045,33.4,24.6,1,620,638,211500.97,0.8932,0.3859,0.297,-0.0507,0.037596,34.3
506,26.085,33.0,24.8,1,610,638,216558.75,0.8827,0.3712,0.2916,-0.0664,0.037596,34.2
507,26.126,32.8,24.9,1,599,632,209911.72,0.8966,0.3905,0.2632,-0.0858,0.037596,33.6
508,26.165,32.9,25.4,1,590,629,206103.38,0.9049,0.4015,0.2649,-0.0959,0.037596,33.6
509,26.204,33.2,25.3,1,583,626,203251.61,0.9112,0.4098,0.2587,-0.1028,0.037596,33.9
510,26.244,33.1,25.2,1,578,624,203247.1,0.9112,0.4098,0.2573,-0.1064,0.037596,35.3
511,26.285,33.6,24.2,1,570,621,202634.1,0.9126,0.4116,0.2487,-0.1248,0.037478,34.5
512,26.326,32.9,24.9,1,565,620,203393.53,0.9109,0.4094,0.2516,-0.127,0.037478,34.1
513,26.366,32.9,25.0,1,560,619,203708.55,0.9102,0.4085,0.2495,-0.1349,0.037478,33.7
514,26.405,33.3,25.2,1,556,617,202675.02,0.9125,0.4115,0.2427,-0.139,0.037478,34.1
515,26.445,34.4,25.0,1,553,617,205730.14,0.9057,0.4026,0.2479,-0.1416,0.037478,35.2
516,26.486,33.6,24.3,1,547,614,203013.98,0.9117,0.4105,0.2342,-0.1565,0.037478,35.8
517,26.528,33.2,24.0,1,542,613,201259.64,0.9157,0.4156,0.2363,-0.1629,0.037789,34.1
518,26.568,32.8,25.0,1,537,612,200775.58,0.9168,0.417,0.2346,-0.1708,0.037789,33.8
519,26.608,32.9,25.2,1,533,613,201573.14,0.915,0.4147,0.2419,-0.1751,0.037789,33.6
520,26.647,33.7,25.3,1,529,612,201667.22,0.9148,0.4144,0.2346,-0.1812,0.037789,34.5
521,26.688,33.2,24.8,1,523,611,201944.16,0.9141,0.4136,0.2325,-0.1946,0.037789,34.0
522,26.727,33.2,25.1,1,518,609,201753.84,0.9146,0.4142,0.2259,-0.2001,0.037789,35.3
523,26.768,32.8,24.4,1,512,608,201974.7,0.9141,0.4135,0.2264,-0.2119,0.0377,33.7
524,26.808,33.3,25.4,1,507,608,202257.8,0.9134,0.4127,0.2289,-0.2176,0.0377,34.4
525,26.848,33.6,24.8,1,503,606,200848.6,0.9166,0.4168,0.2196,-0.2218,0.0377,34.4
526,26.888,33.2,24.9,1,497,604,202703.12,0.9124,0.4114,0.2154,-0.2352,0.0377,34.0
527,26.928,32.8,25.1,1,492,608,215080.12,0.8858,0.3755,0.2395,-0.2412,0.0377,33.5
528,26.968,33.8,25.4,1,487,609,218133.17,0.8796,0.3666,0.2335,-0.2484,0.0377,36.0
529,27.009,33.4,23.9,1,483,606,213472.03,0.8891,0.3801,0.2166,-0.2531,0.037891,34.3
530,27.05,33.2,24.8,1,477,603,205518.67,0.9061,0.4032,0.2106,-0.2663,0.037891,34.3
531,27.09,32.8,24.9,1,466,598,197717.2,0.9238,0.4259,0.1947,-0.2937,0.037891,33.6
532,27.129,32.8,25.4,1,458,597,196851.64,0.9259,0.4284,0.2032,-0.3003,0.037891,33.5
533,27.168,32.8,25.5,1,450,595,196155.45,0.9275,0.4304,0.1964,-0.3128,0.037891,33.6
534,27.208,33.3,25.3,1,442,595,199685.0,0.9193,0.4202,0.2017,-0.3244,0.037891,35.6
535,27.249,33.1,24.1,1,435,595,204524.31,0.9083,0.4061,0.201,-0.334,0.038183,34.1
536,27.289,33.0,25.1,1,429,585,195721.56,0.9285,0.4317,0.1544,-0.3414,0.038183,34.2
537,27.329,33.4,25.0,1,423,577,194227.89,0.9321,0.436,0.1431,-0.3508,0.038183,34.2
538,27.369,34.0,24.9,1,419,571,192692.73,0.9358,0.4405,0.136,-0.353,0.038183,34.8
539,27.41,33.7,24.6,1,415,566,194468.08,0.9315,0.4353,0.1281,-0.3593,0.038183,34.5
540,27.451,34.2,24.7,1,409,563,195599.22,0.9288,0.432,0.1274,-0.372,0.038183,36.4
541,27.493,32.9,23.6,1,402,557,194638.97,0.9311,0.4348,0.1065,-0.3856,0.038185,33.8
542,27.533,32.9,25.2,1,397,553,195004.83,0.9302,0.4338,0.1034,-0.3895,0.038185,34.0
543,27.573,33.5,25.0,1,393,551,196610.9,0.9264,0.4291,0.1045,-0.3937,0.038185,34.4
544,27.613,34.0,24.8,1,389,549,197751.14,0.9238,0.4258,0.1004,-0.3998,0.038185,34.9
545,27.655,34.8,24.1,1,386,544,194439.19,0.9316,0.4354,0.0828,-0.4024,0.038185,35.6
546,27.697,33.7,23.8,1,381,534,195315.98,0.9295,0.4329,0.0498,-0.4139,0.038185,36.1
547,27.74,34.2,23.3,1,377,525,195811.44,0.9283,0.4314,0.0343,-0.4184,0.03769,35.1
548,27.781,34.1,24.1,1,373,518,198107.11,0.9229,0.4248,0,-0.4247,0.03769,35.3
549,27.822,34.1,24.1,1,371,511,198603.88,0.9218,0.4233,0,-0.4241,0.03769,34.9
550,27.864,33.5,24.3,1,367,500,201209.45,0.9158,0.4157,0,-0.4343,0.03769,34.3
551,27.904,33.3,24.9,1,364,490,202150.19,0.9137,0.413,-0.0429,-0.4371,0.03769,34.1
552,27.944,33.1,25.0,1,362,480,200449.44,0.9175,0.418,-0.0629,-0.4382,0.037689,35.5
553,27.985,33.3,24.1,1,360,473,202153.42,0.9137,0.413,-0.0703,-0.4414,0.037689,34.4
554,28.025,32.6,24.9,1,358,464,208426.81,0.8998,0.3948,-0.095,-0.4446,0.037689,33.4
555,28.065,32.8,25.5,1,357,455,210706.42,0.8949,0.3882,-0.1136,-0.4442,0.037689,33.6
556,28.104,32.9,25.4,1,356,453,223048.62,0.8698,0.3523,-0.0992,-0.4457,0.037689,33.7
557,28.144,33.5,25.3,1,356,446,219877.9,0.8761,0.3615,-0.1261,-0.4437,0.037689,35.6
558,28.185,33.5,24.0,1,360,438,218691.72,0.8784,0.365,-0.1449,-0.4298,0.037316,34.5
559,28.226,32.9,24.8,1,363,437,224137.73,0.8677,0.3492,-0.1295,-0.4269,0.037316,33.9
560,28.265,33.2,25.2,1,362,436,227662.58,0.8609,0.3389,-0.1316,-0.4363,0.037316,33.9
561,28.305,33.3,25.2,1,362,435,231273.34,0.8542,0.3285,-0.1337,-0.4344,0.037316,34.4
562,28.345,33.0,24.8,1,362,434,232749.1,0.8515,0.3242,-0.1358,-0.4344,0.037316,33.8
563,28.385,33.2,25.1,1,363,429,232614.75,0.8517,0.3246,-0.1566,-0.4309,0.037316,34.0
564,28.425,34.4,25.1,1,366,425,234441.9,0.8484,0.3193,-0.1616,-0.4226,0.037243,36.7
565,28.468,33.5,23.4,1,369,425,239999.97,0.8385,0.3031,-0.1518,-0.4177,0.037243,34.6
566,28.508,35.6,24.7,1,373,420,239949.27,0.8386,0.3033,-0.1746,-0.4098,0.037243,36.4
567,28.55,33.4,23.6,1,378,414,239451.17,0.8395,0.3047,-0.1903,-0.3997,0.037243,34.2
568,28.59,33.2,25.0,1,384,410,242974.88,0.8334,0.2945,-0.1936,-0.3882,0.037243,34.0
569,28.631,33.3,24.7,1,389,407,242601.55,0.834,0.2956,-0.1969,-0.3828,0.037243,34.9
570,28.672,34.8,24.6,1,395,414,260350.88,0.8051,0.244,-0.1582,-0.3717,0.037574,36.5
571,28.714,33.5,23.7,1,400,419,274210.6,0.7845,0.2038,-0.1518,-0.3653,0.037574,34.6
572,28.754,33.9,24.8,1,407,411,255395.34,0.8129,0.2584,-0.202,-0.3505,0.037574,34.6
573,28.795,33.3,24.7,1,421,405,250492.08,0.8208,0.2726,-0.2095,-0.3148,0.037574,34.1
574,28.835,33.1,25.0,1,433,406,252065.94,0.8182,0.2681,-0.1891,-0.2999,0.037574,33.8
575,28.874,33.3,25.2,1,442,404,250286.08,0.8211,0.2732,-0.201,-0.2922,0.037574,35.0
576,28.915,34.0,24.5,1,449,412,271798.56,0.7879,0.2108,-0.1596,-0.2851,0.037833,35.4
577,28.957,33.4,24.0,1,455,408,264961.84,0.7981,0.2306,-0.1981,-0.2775,0.037833,34.4
578,28.997,32.8,24.8,1,460,406,268685.72,0.7925,0.2198,-0.1973,-0.2713,0.037833,33.5
579,29.037,33.1,25.3,1,463,404,272664.12,0.7867,0.2083,-0.2014,-0.2707,0.037833,33.8
580,29.077,33.5,25.1,1,465,402,273107.88,0.7861,0.207,-0.2055,-0.2696,0.037833,34.3
581,29.117,33.4,24.8,1,467,398,265749.53,0.7969,0.2283,-0.2186,-0.2666,0.037833,35.7
582,29.159,32.9,24.0,1,473,395,261710.52,0.803,0.2401,-0.2228,-0.2491,0.037809,33.7
583,29.198,32.8,25.3,1,479,395,258258.14,0.8083,0.2501,-0.2149,-0.2398,0.037809,33.9
584,29.238,32.9,25.1,1,483,395,256540.44,0.811,0.2551,-0.2149,-0.2374,0.037809,33.7
585,29.278,33.3,25.2,1,487,396,258111.53,0.8086,0.2505,-0.2102,-0.2313,0.037809,34.3
586,29.318,33.2,24.8,1,493,397,259207.33,0.8069,0.2473,-0.2081,-0.218,0.037809,34.1
587,29.358,32.7,25.0,1,499,399,263780.03,0.7998,0.2341,-0.2015,-0.2088,0.037809,34.9
588,29.399,33.3,24.5,1,506,403,264773.62,0.7983,0.2312,-0.187,-0.1957,0.037452,34.2
589,29.439,33.2,24.9,1,510,403,259953.19,0.8057,0.2452,-0.1979,-0.1954,0.037452,34.3
590,29.479,33.3,24.8,1,513,404,256840.94,0.8106,0.2542,-0.1932,-0.1926,0.037452,34.1
591,29.519,33.5,25.0,1,516,407,257467.62,0.8096,0.2524,-0.1818,-0.1879,0.037452,34.3
592,29.56,33.5,24.8,1,519,409,257353.84,0.8098,0.2527,-0.1802,-0.1833,0.037452,34.3
593,29.6,33.4,24.7,1,521,411,256151.98,0.8117,0.2562,-0.1762,-0.1822,0.037452,35.6
594,29.642,33.6,24.1,1,521,411,254827.94,0.8138,0.2601,-0.1819,-0.1859,0.037736,34.5
595,29.682,32.8,24.8,1,523,413,256243.97,0.8115,0.2559,-0.1721,-0.1789,0.037736,33.9
596,29.722,33.0,25.0,1,525,415,256813.12,0.8106,0.2543,-0.1679,-0.1758,0.037736,33.8
597,29.762,33.4,25.1,1,528,417,256284.64,0.8114,0.2558,-0.1638,-0.1692,0.037736,34.2
598,29.802,33.1,25.1,1,529,418,256026.22,0.8119,0.2566,-0.1643,-0.1715,0.037736,34.0
599,29.841,33.4,25.1,1,530,418,255179.12,0.8132,0.259,-0.1669,-0.17,0.037736,35.6
600,29.883,33.4,24.0,1,531,422,262407.56,0.8019,0.238,-0.1486,-0.1684,0.037896,34.4
601,29.924,33.5,24.8,1,531,423,259031.94,0.8071,0.2478,-0.1541,-0.1703,0.037896,34.5
602,29.964,33.3,24.6,1,531,424,258398.33,0.8081,0.2497,-0.152,-0.1703,0.037896,34.1
603,30.004,33.2,25.0,1,531,430,268853.66,0.7923,0.2193,-0.1265,-0.1703,0.037896,34.1
604,30.044,33.3,25.0,1,531,433,270191.97,0.7903,0.2154,-0.128,-0.1703,0.037896,34.0
605,30.084,33.7,25.0,1,533,429,258126.5,0.8085,0.2505,-0.1541,-0.1635,0.037896,36.0
606,30.126,33.3,23.9,1,538,428,252237.16,0.8179,0.2676,-0.1489,-0.1496,0.037926,34.2
607,30.166,33.5,24.9,1,544,430,250830.33,0.8202,0.2717,-0.137,-0.1385,0.037926,34.6
608,30.207,33.3,24.6,1,550,434,254703.27,0.814,0.2604,-0.1234,-0.1289,0.037926,34.1
609,30.247,33.5,25.0,1,556,435,248659.05,0.8238,0.278,-0.1291,-0.1196,0.037926,34.3
610,30.287,33.0,24.9,1,561,447,265680.16,0.797,0.2285,-0.0754,-0.1136,0.037926,34.0
611,30.327,32.8,25.1,1,570,445,252296.53,0.8178,0.2674,-0.116,-0.0921,0.037926,34.9
612,30.368,33.2,24.5,1,577,446,245638.61,0.8288,0.2867,-0.1071,-0.0848,0.038333,34.1
613,30.408,33.5,25.0,1,584,448,246686.52,0.8271,0.2837,-0.0999,-0.074,0.038333,34.5
614,30.448,33.5,24.7,1,588,455,256414.84,0.8112,0.2554,-0.0723,-0.0735,0.038333,34.3
615,30.489,33.5,24.8,1,596,458,252638.53,0.8173,0.2664,-0.0764,-0.0532,0.038333,34.2
616,30.529,32.8,24.9,1,603,458,247088.66,0.8264,0.2825,-0.0842,-0.044,0.038333,33.5
617,30.568,32.9,25.4,1,612,462,248852.47,0.8235,0.2774,-0.0657,0,0.038333,35.1
618,30.609,32.9,24.4,1,621,467,244769.2,0.8303,0.2893,-0.0526,0,0.038457,33.8
619,30.649,33.1,25.2,1,632,472,243735.05,0.8321,0.2923,-0.0422,0,0.038457,34.3
620,30.689,32.9,24.9,1,653,483,246895.83,0.8267,0.2831,0,0.0617,0.038457,33.7
621,30.729,33.2,25.3,1,666,495,250285.66,0.8211,0.2732,0,0.0661,0.038457,33.9
622,30.769,32.9,25.1,1,675,503,247384.39,0.8259,0.2817,0.0305,0.0725,0.038457,33.7
623,30.808,33.3,25.4,1,687,504,246859.77,0.8268,0.2832,0,0.0961,0.038457,35.5
624,30.849,32.9,24.2,1,701,506,249343.84,0.8227,0.276,0,0.1229,0.038426,33.9
625,30.889,33.4,25.2,1,719,512,253939.23,0.8152,0.2626,0.0437,0.1583,0.038426,34.5
626,30.929,33.0,24.8,1,729,519,264607.28,0.7986,0.2317,0.0612,0.1588,0.038426,33.8
627,30.969,32.6,25.1,1,735,519,262698.5,0.8015,0.2372,0.0428,0.1603,0.038426,33.4
628,31.008,30.8,25.5,-1,0,0,0,0.0,0.0,0.0,0.0,0.0,0.0
629,31.045,33.4,27.0,1,757,529,269527.1,0.7913,0.2174,0.0769,0.2047,0.038426,35.6
630,31.087,33.7,24.1,1,767,530,269717.16,0.791,0.2168,0.0676,0.2177,0.038717,34.6
631,31.128,33.2,24.6,1,778,530,270417.0,0.79,0.2148,0.0654,0.2369,0.038717,34.2
632,31.168,32.7,24.9,1,786,530,272637.75,0.7867,0.2083,0.0654,0.244,0.038717,33.5
633,31.207,33.3,25.3,1,792,531,274503.7,0.7841,0.2029,0.0701,0.2492,0.038717,34.1
634,31.247,33.3,25.0,1,798,529,273326.94,0.7857,0.2063,0.0582,0.2586,0.038717,34.1
635,31.287,33.0,25.0,1,810,530,277580.88,0.7797,0.194,0.068,0.2883,0.038717,35.2
636,31.329,32.9,24.3,1,815,530,277222.28,0.7802,0.195,0.0653,0.2833,0.038795,33.7
637,31.368,32.9,25.2,1,819,531,280155.38,0.7761,0.1865,0.07,0.2875,0.038795,34.0
638,31.408,33.3,25.0,1,821,530,278309.53,0.7787,0.1919,0.0628,0.2867,0.038795,34.1
639,31.448,33.4,24.9,1,823,531,280866.4,0.7751,0.1844,0.07,0.2898,0.038795,34.2
640,31.489,30.1,24.8,-1,0,0,0,0.0,0.0,0.0,0.0,0.0,0.0
641,31.525,32.7,27.6,1,828,530,281793.6,0.7738,0.1818,0.064,0.2988,0.038795,34.9
642,31.566,33.3,24.4,1,828,527,281141.28,0.7747,0.1836,0.0512,0.2938,0.038838,34.2
643,31.606,33.0,24.9,1,828,525,281763.6,0.7739,0.1818,0.0497,0.2938,0.038838,34.0
644,31.646,33.4,25.0,1,828,521,281425.84,0.7744,0.1828,0.0362,0.2938,0.038838,34.2
645,31.686,33.3,24.8,1,823,513,283693.44,0.7713,0.1762,0,0.2762,0.038838,34.0
646,31.726,30.1,25.0,-1,0,0,0,0.0,0.0,0.0,0.0,0.0,0.0
647,31.762,30.0,27.7,-1,0,0,0,0.0,0.0,0.0,0.0,0.0,0.0
648,31.798,30.1,27.7,-1,0,0,0,0.0,0.0,0.0,0.0,0.0,0.0
649,31.834,30.7,27.7,-1,0,0,0,0.0,0.0,0.0,0.0,0.0,0.0
650,31.871,30.1,27.1,-1,0,0,0,0.0,0.0,0.0,0.0,0.0,0.0
651,31.908,30.8,27.4,-1,0,0,0,0.0,0.0,0.0,0.0,0.0,0.0
652,31.945,30.1,27.0,-1,0,0,0,0.0,0.0,0.0,0.0,0.0,0.0
653,31.981,30.1,27.7,-1,0,0,0,0.0,0.0,0.0,0.0,0.0,0.0
654,32.017,30.7,27.6,-1,0,0,0,0.0,0.0,0.0,0.0,0.0,0.0
655,32.054,30.0,27.2,-1,0,0,0,0.0,0.0,0.0,0.0,0.0,0.0
656,32.09,30.8,27.6,-1,0,0,0,0.0,0.0,0.0,0.0,0.0,0.0
657,32.127,30.2,27.3,-1,0,0,0,0.0,0.0,0.0,0.0,0.0,0.0
658,32.163,30.7,27.3,-1,0,0,0,0.0,0.0,0.0,0.0,0.0,0.0
659,32.2,30.1,27.2,-1,0,0,0,0.0,0.0,0.0,0.0,0.0,0.0
660,32.237,30.6,27.5,-1,0,0,0,0.0,0.0,0.0,0.0,0.0,0.0
661,32.273,30.1,27.3,-1,0,0,0,0.0,0.0,0.0,0.0,0.0,0.0
662,32.309,30.2,27.7,-1,0,0,0,0.0,0.0,0.0,0.0,0.0,0.0
663,32.346,30.3,27.6,-1,0,0,0,0.0,0.0,0.0,0.0,0.0,0.0
664,32.382,30.4,27.4,-1,0,0,0,0.0,0.0,0.0,0.0,0.0,0.0
665,32.419,30.6,27.3,-1,0,0,0,0.0,0.0,0.0,0.0,0.0,0.0
666,32.455,31.4,27.2,-1,0,0,0,0.0,0.0,0.0,0.0,0.0,0.0
667,32.493,31.0,26.7,-1,0,0,0,0.0,0.0,0.0,0.0,0.0,0.0
668,32.53,33.0,26.8,1,790,497,285480.3,0.7688,0.171,0,0.2344,0.039118,35.3
669,32.571,33.6,24.3,1,790,498,283327.22,0.7718,0.1773,0,0.2344,0.038826,35.9
670,32.613,30.6,23.9,-1,0,0,0,0.0,0.0,0.0,0.0,0.0,0.0
671,32.65,30.4,27.3,-1,0,0,0,0.0,0.0,0.0,0.0,0.0,0.0
672,32.687,33.6,27.3,1,791,504,276065.7,0.7818,0.1984,0,0.2366,0.03884,35.9
673,32.728,33.1,24.0,1,794,516,269134.72,0.7918,0.2185,0.0666,0.2463,0.038741,35.6
674,32.77,33.5,24.1,1,797,524,260078.61,0.8055,0.2448,0.0738,0.2509,0.038323,35.8
675,32.811,33.5,24.0,1,798,529,255453.17,0.8128,0.2582,0.0766,0.2488,0.038323,34.6
676,32.852,33.0,24.8,1,798,532,252061.27,0.8182,0.2681,0.0779,0.2469,0.038323,33.8
677,32.891,33.3,25.2,1,797,532,248233.19,0.8245,0.2792,0.07,0.2434,0.038323,34.1
678,32.932,33.3,25.0,1,794,531,246369.81,0.8276,0.2846,0.0653,0.2348,0.038323,34.0
679,32.971,33.2,25.1,1,793,532,245542.42,0.829,0.287,0.0725,0.2372,0.038323,35.4
680,33.013,33.3,24.3,1,792,531,244631.86,0.8305,0.2897,0.0654,0.2355,0.038275,34.2
681,33.053,33.1,25.0,1,790,532,243146.22,0.8331,0.294,0.0726,0.2305,0.038275,34.2
682,33.093,33.1,24.8,1,788,533,242744.25,0.8338,0.2951,0.0747,0.2273,0.038275,33.8
683,33.133,33.2,25.1,1,786,533,243191.36,0.833,0.2938,0.0721,0.2242,0.038275,34.0
684,33.173,33.2,25.0,1,784,532,242449.62,0.8343,0.296,0.0674,0.2211,0.038275,33.9
685,33.213,33.2,25.1,1,781,533,244870.12,0.8301,0.289,0.0746,0.2146,0.038275,35.4
686,33.254,33.3,24.2,1,778,531,239806.84,0.8389,0.3037,0.0644,0.2098,0.037564,34.2
687,33.294,32.8,25.0,1,775,529,237377.16,0.8431,0.3107,0.0593,0.2051,0.037564,34.0
688,33.334,32.7,25.2,1,774,527,236547.06,0.8446,0.3131,0.055,0.2074,0.037564,33.5
689,33.373,33.0,25.4,1,772,525,234672.17,0.848,0.3186,0.0509,0.2023,0.037564,33.8
690,33.413,33.7,25.2,1,770,523,234531.14,0.8482,0.319,0.0468,0.1993,0.037564,34.6
691,33.453,33.5,24.6,1,768,523,234543.66,0.8482,0.319,0.052,0.1963,0.037564,35.7
692,33.495,33.2,24.0,1,766,522,236299.08,0.8451,0.3139,0.0464,0.193,0.037964,34.1
693,33.535,33.4,25.1,1,764,520,235289.05,0.8469,0.3168,0.0402,0.1899,0.037964,34.4
694,33.575,33.6,24.8,1,762,520,235562.11,0.8464,0.316,0.0454,0.1867,0.037964,34.3
695,33.615,33.2,24.8,1,760,521,233839.02,0.8495,0.321,0.05,0.1836,0.037964,34.0
696,33.655,33.3,25.1,1,757,520,233583.62,0.85,0.3217,0.0427,0.1769,0.037964,34.1
697,33.695,33.2,24.9,1,754,519,231496.56,0.8538,0.3278,0.0408,0.1725,0.037964,35.3
698,33.737,33.7,24.2,1,753,525,244187.7,0.8313,0.291,0.0762,0.1747,0.035643,35.0
699,33.777,33.7,24.5,1,751,522,236698.8,0.8444,0.3127,0.0441,0.1696,0.035643,34.8
700,33.818,33.1,24.6,1,750,517,229352.6,0.8578,0.334,0,0.1699,0.035643,33.9
701,33.858,32.9,25.1,1,750,514,223882.3,0.8682,0.3499,0,0.1719,0.035643,33.7
702,33.897,32.9,25.4,1,750,511,222916.58,0.8701,0.3527,0,0.1719,0.035643,33.7
703,33.937,33.0,25.3,1,752,511,223279.52,0.8694,0.3517,0,0.1788,0.035643,35.1
704,33.978,33.3,24.4,1,752,512,223116.78,0.8697,0.3521,0.0456,0.175,0.030305,34.2
705,34.018,33.0,24.9,1,746,522,223660.88,0.8686,0.3506,0.0832,0.1539,0.030305,34.1
706,34.058,33.1,24.9,1,742,528,222584.2,0.8707,0.3537,0.0854,0.1515,0.030305,33.9
707,34.098,33.5,25.1,1,740,534,219787.58,0.8762,0.3618,0.0977,0.1524,0.030305,34.3
708,34.138,33.6,25.0,1,739,537,217264.66,0.8813,0.3691,0.096,0.1528,0.030305,35.7
709,34.18,34.2,23.7,1,740,538,216547.08,0.8828,0.3712,0.1134,0.1581,0.020967,35.7
710,34.222,33.2,24.0,1,744,537,217267.8,0.8813,0.3691,0.0952,0.1703,0.020967,34.3
711,34.262,33.0,24.9,1,748,536,217818.47,0.8802,0.3675,0.0931,0.1766,0.020967,33.8
712,34.302,33.5,25.2,1,751,535,218148.89,0.8795,0.3666,0.091,0.1792,0.020967,34.5
713,34.342,33.0,24.7,1,755,535,219358.7,0.8771,0.363,0.0936,0.1876,0.020967,33.7
714,34.382,33.3,25.2,1,760,534,222039.44,0.8718,0.3553,0.0889,0.1973,0.020967,34.1
715,34.422,33.0,25.0,1,766,535,224530.5,0.8669,0.348,0.1029,0.2083,0.017938,35.1
716,34.463,33.4,24.4,1,768,539,227619.94,0.861,0.3391,0.1153,0.2039,0.017938,34.4
717,34.503,32.9,24.7,1,770,542,229207.14,0.858,0.3345,0.1191,0.2071,0.017938,33.8
718,34.543,33.3,25.2,1,771,545,228866.25,0.8587,0.3354,0.1253,0.2066,0.017938,34.0
719,34.583,32.9,25.0,1,769,550,227180.19,0.8619,0.3403,0.141,0.1976,0.017938,33.7
720,34.623,32.8,25.2,1,766,562,225540.61,0.865,0.3451,0.1845,0.1909,0.017938,33.6
721,34.662,33.9,25.3,1,764,572,226254.12,0.8636,0.343,0.1832,0.19,0.024878,36.1
722,34.704,33.1,23.9,1,766,582,225899.55,0.8643,0.3441,0.2137,0.2008,0.024878,34.2
723,34.744,33.2,25.0,1,769,591,227158.45,0.8619,0.3404,0.2299,0.2074,0.024878,34.0
724,34.784,33.3,24.9,1,777,601,229838.86,0.8569,0.3326,0.2531,0.2296,0.024878,34.1
725,34.824,32.9,25.1,1,781,610,229389.72,0.8577,0.3339,0.2697,0.2282,0.024878,33.7
726,34.864,32.9,25.3,1,785,615,227952.38,0.8604,0.3381,0.2695,0.2345,0.024878,33.7
727,34.903,33.0,25.2,1,788,617,227546.7,0.8612,0.3393,0.274,0.2369,0.021094,35.2
728,34.944,32.8,24.5,1,790,622,230766.3,0.8551,0.3299,0.2879,0.2383,0.021094,33.8
729,34.984,33.2,25.2,1,794,626,230639.19,0.8554,0.3303,0.2935,0.2485,0.021094,34.0
730,35.024,33.2,25.1,1,798,626,232897.6,0.8512,0.3237,0.2831,0.2547,0.021094,34.0
731,35.064,33.6,25.1,1,799,628,237239.92,0.8434,0.3111,0.2924,0.2504,0.021094,34.4
732,35.104,33.7,24.7,1,800,632,240856.83,0.837,0.3006,0.3055,0.2519,0.021094,36.0
733,35.146,32.7,23.8,1,801,635,242412.75,0.8343,0.2961,0.2984,0.2535,0.026087,33.7
734,35.186,33.4,25.3,1,802,645,251328.64,0.8194,0.2702,0.3435,0.2551,0.026087,34.5
735,35.226,32.8,24.7,1,803,651,253865.3,0.8153,0.2629,0.346,0.2567,0.026087,33.6
736,35.266,32.7,25.3,1,808,657,254893.5,0.8137,0.2599,0.3585,0.2724,0.026087,33.5
737,35.305,32.9,25.3,1,814,661,262515.88,0.8018,0.2377,0.3614,0.2836,0.026087,33.9
738,35.345,33.9,25.1,1,817,660,263085.16,0.8009,0.2361,0.3464,0.2821,0.026087,36.3
739,35.387,33.3,23.6,1,822,655,259590.42,0.8063,0.2462,0.3164,0.2941,0.030172,34.2
740,35.427,33.9,24.9,1,821,657,259941.36,0.8057,0.2452,0.3437,0.2809,0.030172,35.1
741,35.469,33.6,24.2,1,816,657,251683.92,0.8188,0.2692,0.3386,0.2654,0.030172,34.4
742,35.509,33.3,24.8,1,813,657,248260.08,0.8245,0.2791,0.3386,0.2644,0.030172,34.1
743,35.549,33.0,25.0,1,812,656,247137.5,0.8263,0.2824,0.3339,0.2668,0.030172,33.7
744,35.589,33.7,25.2,1,811,655,248995.72,0.8232,0.277,0.3319,0.2653,0.030172,35.0
745,35.63,33.5,24.4,1,811,659,252028.97,0.8183,0.2682,0.3447,0.2672,0.033845,35.4
746,35.671,33.1,24.2,1,811,665,254791.64,0.8138,0.2602,0.3672,0.2672,0.033845,34.1
747,35.711,33.3,25.1,1,807,669,252164.14,0.8181,0.2678,0.3704,0.2531,0.033845,34.1
748,35.751,32.8,25.1,1,802,670,249996.97,0.8216,0.2741,0.3646,0.2432,0.033845,33.6
749,35.79,33.3,25.4,1,798,663,248677.27,0.8238,0.2779,0.3291,0.239,0.033845,34.1
750,35.83,33.5,25.1,1,797,654,248033.19,0.8248,0.2798,0.3058,0.2434,0.033845,35.0
751,35.871,33.4,24.4,1,796,647,246983.34,0.8266,0.2828,0.2658,0.2418,0.047474,34.9
752,35.912,33.5,24.5,1,793,642,243444.44,0.8326,0.2931,0.2771,0.2333,0.047474,34.6
753,35.952,33.2,24.7,1,787,639,240784.19,0.8372,0.3008,0.2759,0.2179,0.047474,34.0
754,35.992,33.2,25.0,1,785,638,240701.7,0.8373,0.3011,0.279,0.2226,0.047474,34.0
755,36.032,33.2,25.0,1,786,639,241463.25,0.836,0.2989,0.2864,0.2301,0.047474,34.0
756,36.072,33.6,25.2,1,786,641,241656.25,0.8356,0.2983,0.293,0.2281,0.047474,35.2
757,36.113,33.2,24.3,1,785,643,242807.34,0.8337,0.295,0.2272,0.2246,0.078775,34.8
758,36.153,33.6,24.6,1,780,646,247758.62,0.8253,0.2806,0.2746,0.2091,0.078775,34.7
759,36.194,33.2,24.7,1,777,648,252416.03,0.8176,0.2671,0.2763,0.2082,0.078775,34.0
760,36.234,34.0,25.0,1,778,650,255078.94,0.8134,0.2593,0.2803,0.2175,0.078775,34.8
761,36.275,33.3,24.5,1,780,655,258185.53,0.8085,0.2503,0.2987,0.2227,0.078775,34.0
762,36.315,34.4,25.1,1,783,660,261406.03,0.8035,0.241,0.3083,0.2289,0.078775,36.7
763,36.357,32.9,23.4,1,789,665,264202.06,0.7992,0.2328,0.4519,0.2446,0.020395,33.8
764,36.397,33.7,25.2,1,794,667,264854.34,0.7982,0.2309,0.3743,0.2502,0.020395,34.8
765,36.438,35.2,24.7,1,797,667,265930.0,0.7966,0.2278,0.3692,0.2509,0.020395,36.1
766,36.48,33.3,23.7,1,800,666,265286.8,0.7976,0.2297,0.3645,0.2558,0.020395,34.1
767,36.52,33.1,25.0,1,803,662,268073.66,0.7934,0.2216,0.3483,0.2606,0.020395,33.9
768,36.559,32.9,25.2,1,804,657,271069.3,0.789,0.2129,0.3357,0.2582,0.020395,35.1
769,36.6,33.3,24.4,1,805,652,270006.44,0.7906,0.216,0.307,0.2598,0.02834,34.1
770,36.641,33.8,24.9,1,807,646,269744.06,0.7909,0.2167,0.3023,0.2647,0.02834,35.2
771,36.682,34.1,24.3,1,806,639,268561.53,0.7927,0.2202,0.2851,0.2575,0.02834,35.0
772,36.722,33.2,24.6,1,804,631,267402.88,0.7944,0.2235,0.2652,0.2523,0.02834,34.0
773,36.762,32.9,25.1,1,807,621,268468.6,0.7928,0.2204,0.2391,0.2669,0.02834,33.7
774,36.802,33.5,25.2,1,809,614,269916.28,0.7907,0.2162,0.2333,0.2678,0.02834,35.6
775,36.843,33.4,24.0,1,811,608,272727.4,0.7866,0.2081,0.2511,0.2711,0.015701,34.3
776,36.884,33.5,24.9,1,812,602,275807.03,0.7822,0.1991,0.223,0.2707,0.015701,34.5
777,36.924,33.3,24.7,1,819,581,271093.03,0.789,0.2128,0.1399,0.2934,0.015701,34.1
778,36.964,33.5,25.1,1,823,562,273273.28,0.7858,0.2065,0.1058,0.2937,0.015701,34.4
779,37.004,32.9,24.8,1,824,549,274511.78,0.784,0.2029,0.0939,0.2895,0.015701,33.7
780,37.044,33.3,25.3,1,824,538,276894.56,0.7807,0.196,0.0774,0.2875,0.015701,35.6
781,37.085,33.4,24.1,1,823,529,278365.5,0.7786,0.1917,0.0782,0.284,0.008993,34.4
782,37.126,32.8,24.8,1,823,521,284312.0,0.7704,0.1744,0.0554,0.2859,0.008993,33.8
783,37.165,33.3,25.2,1,823,515,285350.3,0.769,0.1714,0.0483,0.2859,0.008993,34.0
784,37.205,32.9,25.0,1,823,510,281800.25,0.7738,0.1817,0.0404,0.2859,0.008993,33.7
785,37.245,33.5,25.2,1,824,507,281527.03,0.7742,0.1825,0.0395,0.2894,0.008993,34.3
786,37.285,32.9,24.9,1,825,499,284817.62,0.7697,0.173,0,0.291,0.008993,35.2
787,37.326,32.9,24.4,1,826,492,285807.75,0.7684,0.1701,0,0.2926,0.010542,33.8
788,37.366,32.7,25.2,1,826,482,282134.53,0.7734,0.1808,-0.0326,0.2906,0.010542,33.8
789,37.405,33.0,25.2,1,824,472,284855.28,0.7697,0.1729,-0.0534,0.2836,0.010542,34.0
790,37.445,33.9,25.0,1,822,462,284139.0,0.7706,0.1749,-0.0736,0.2805,0.010542,34.8
791,37.486,32.9,24.4,1,820,455,294251.34,0.7573,0.1456,-0.0809,0.2773,0.010542,33.7
792,37.526,32.9,25.4,1,821,450,299583.38,0.7505,0.1301,-0.0858,0.2847,0.010542,35.1
793,37.567,32.9,24.3,1,821,447,303816.5,0.7453,0.1178,-0.0727,0.2828,0.004158,33.8
794,37.606,32.8,25.2,1,821,444,300677.9,0.7492,0.1269,-0.087,0.2828,0.004158,33.8
795,37.646,33.2,25.1,1,821,441,297720.03,0.7529,0.1355,-0.0932,0.2828,0.004158,34.0
796,37.686,33.1,24.9,1,821,437,300448.44,0.7494,0.1276,-0.1042,0.2828,0.004158,33.9
797,37.726,32.6,25.1,1,822,436,303578.94,0.7456,0.1185,-0.0985,0.2864,0.004158,33.5
798,37.766,32.7,25.3,1,824,434,301156.12,0.7486,0.1255,-0.1051,0.2913,0.004158,34.9
799,37.806,33.3,24.5,1,826,433,299036.4,0.7512,0.1317,-0.1066,0.2945,0.005016,34.2
800,37.847,33.2,24.9,1,827,432,299253.25,0.7509,0.1311,-0.1076,0.2941,0.005016,34.3
801,37.887,32.9,24.8,1,830,431,300303.88,0.7496,0.128,-0.1097,0.3028,0.005016,33.7
802,37.927,32.9,25.3,1,831,430,300269.6,0.7497,0.1281,-0.1118,0.3004,0.005016,33.7
803,37.966,33.5,25.2,1,832,430,301189.1,0.7485,0.1254,-0.1092,0.3019,0.005016,34.3
804,38.007,33.4,24.8,1,832,430,300695.7,0.7491,0.1269,-0.1092,0.3,0.005016,35.6
805,38.048,33.5,24.0,1,832,430,301620.2,0.748,0.1242,-0.1079,0.3,0.004427,34.5
806,38.089,33.8,24.7,1,833,427,300777.47,0.749,0.1266,-0.1225,0.3035,0.004427,34.8
807,38.129,32.6,24.6,1,835,428,305205.34,0.7436,0.1138,-0.1101,0.3087,0.004427,33.4
808,38.168,32.7,25.5,1,836,426,303888.7,0.7452,0.1176,-0.1222,0.3082,0.004427,33.5
809,38.208,34.2,25.4,1,837,425,303731.06,0.7454,0.1181,-0.1216,0.3097,0.004427,35.0
810,38.249,33.2,24.3,1,837,425,303497.78,0.7457,0.1187,-0.119,0.3078,0.004427,35.5
811,38.29,33.4,24.2,1,838,427,305518.72,0.7432,0.1129,-0.0958,0.3113,-0.001756,34.3
812,38.33,32.8,25.0,1,838,428,306612.97,0.7419,0.1097,-0.104,0.3094,-0.001756,34.0
813,38.37,32.9,25.0,1,838,429,306118.22,0.7425,0.1111,-0.1019,0.3094,-0.001756,33.7
814,38.41,33.6,25.2,1,839,429,305971.12,0.7426,0.1116,-0.1045,0.3129,-0.001756,34.4
815,38.451,34.1,24.7,1,839,429,307050.8,0.7413,0.1084,-0.1045,0.3109,-0.001756,34.9
816,38.492,33.6,24.4,1,840,430,308616.7,0.7395,0.1039,-0.0999,0.3144,-0.001756,35.8
817,38.533,33.6,24.0,1,841,431,309916.97,0.7379,0.1001,-0.1013,0.316,-0.000164,34.5
818,38.574,33.4,24.8,1,841,432,310490.84,0.7372,0.0984,-0.0973,0.3141,-0.000164,34.5
819,38.614,33.1,24.7,1,842,432,309299.22,0.7386,0.1019,-0.0998,0.3176,-0.000164,33.9
820,38.654,33.5,25.1,1,842,433,310667.72,0.737,0.0979,-0.0952,0.3156,-0.000164,34.3
821,38.694,33.0,24.9,1,844,431,311009.2,0.7366,0.0969,-0.1072,0.3227,-0.000164,33.8
822,38.734,33.4,25.1,1,846,430,312201.94,0.7352,0.0935,-0.1065,0.3256,-0.000164,35.5
823,38.776,33.0,24.1,1,847,429,312805.3,0.7345,0.0917,-0.1022,0.3254,-0.003052,33.9
824,38.816,33.6,25.0,1,849,428,312705.44,0.7346,0.092,-0.1078,0.3304,-0.003052,34.8
825,38.856,32.9,24.6,1,852,426,313201.34,0.734,0.0906,-0.1147,0.3372,-0.003052,33.7
826,38.896,33.4,25.2,1,853,425,315552.5,0.7313,0.0837,-0.1141,0.3348,-0.003052,34.2
827,38.936,33.0,24.9,1,855,425,317596.0,0.7289,0.0778,-0.1115,0.3398,-0.003052,34.4
828,38.976,33.0,24.8,1,856,425,320087.66,0.7261,0.0706,-0.1115,0.3394,-0.003052,34.8
829,39.017,33.6,24.5,1,854,425,319808.94,0.7264,0.0714,-0.1152,0.3305,-0.0014,34.6
830,39.058,32.9,24.8,1,854,426,319746.47,0.7265,0.0716,-0.1085,0.3344,-0.0014,34.0
831,39.098,33.1,25.1,1,853,426,321433.88,0.7246,0.0667,-0.1111,0.3308,-0.0014,33.9
832,39.137,32.8,25.1,1,854,425,320352.16,0.7258,0.0698,-0.1158,0.3364,-0.0014,33.5
833,39.177,33.2,25.3,1,855,424,320333.88,0.7258,0.0698,-0.1179,0.3379,-0.0014,34.0
834,39.217,34.2,25.0,1,855,424,324091.84,0.7216,0.0589,-0.1153,0.3359,-0.0014,36.4
835,39.259,33.5,23.6,1,855,425,326978.6,0.7184,0.0506,-0.1104,0.3359,-0.001492,34.4
836,39.3,32.8,24.6,1,854,422,323305.78,0.7225,0.0612,-0.1271,0.3324,-0.001492,34.0
837,39.34,33.3,25.0,1,854,420,324535.3,0.7211,0.0576,-0.1287,0.3344,-0.001492,34.1
838,39.38,33.5,25.0,1,854,417,323138.9,0.7226,0.0617,-0.1374,0.3344,-0.001492,35.0
839,39.421,33.7,24.2,1,855,415,326875.0,0.7185,0.0509,-0.139,0.3378,-0.001492,34.6
840,39.462,33.1,24.6,1,855,413,326218.84,0.7192,0.0528,-0.1429,0.3359,-0.001575,35.3
841,39.503,33.1,24.2,1,856,412,327037.2,0.7183,0.0504,-0.1427,0.3394,-0.001575,34.2
842,39.543,33.5,24.9,1,857,411,326700.6,0.7187,0.0514,-0.1448,0.341,-0.001575,34.3
843,39.584,33.2,24.8,1,858,411,326838.25,0.7185,0.051,-0.1422,0.3426,-0.001575,34.0
844,39.624,33.3,25.0,1,859,413,328891.2,0.7163,0.0,-0.1328,0.3441,-0.001575,34.1
845,39.664,32.9,25.0,1,861,415,332703.72,0.7122,0.0,-0.1286,0.3492,-0.001575,33.7
846,39.703,33.5,25.2,1,862,420,340850.66,0.7036,0.0,-0.1102,0.3487,-0.00191,35.7
847,39.745,33.6,24.0,1,863,422,338959.03,0.7056,0.0,-0.1138,0.3504,-0.00191,34.7
848,39.786,33.5,24.6,1,863,425,334770.4,0.71,0.0,-0.1049,0.3484,-0.00191,34.3
849,39.826,33.2,24.9,1,859,441,335841.56,0.7089,0.0,-0.0375,0.3343,-0.00191,34.0
850,39.865,32.8,25.1,1,858,454,331168.88,0.7138,0.0,0,0.3386,-0.00191,33.6
851,39.905,33.0,25.3,1,859,463,327701.22,0.7176,0.0,0,0.3442,-0.00191,33.8
852,39.945,33.8,25.2,1,861,467,327084.78,0.7183,0.0502,0,0.349,-0.003699,36.1
853,39.987,33.0,23.8,1,866,470,326114.97,0.7193,0.0531,0,0.3629,-0.003699,34.0
854,40.027,32.8,25.1,1,876,478,340926.4,0.7035,0.0,0,0.3886,-0.003699,33.6
855,40.066,33.4,25.3,1,890,478,338070.8,0.7065,0.0,0,0.418,-0.003699,34.1
856,40.106,30.1,25.1,-1,0,0,0,0.0,0.0,0.0,0.0,0.0,0.0
857,40.142,30.3,27.8,-1,0,0,0,0.0,0.0,0.0,0.0,0.0,0.0
858,40.178,33.5,27.7,1,934,496,356830.47,0.6877,0.0,0.0535,0.4896,-0.003699,35.7
859,40.22,30.8,24.0,-1,0,0,0,0.0,0.0,0.0,0.0,0.0,0.0
860,40.256,29.9,27.1,-1,0,0,0,0.0,0.0,0.0,0.0,0.0,0.0
861,40.292,30.0,27.8,-1,0,0,0,0.0,0.0,0.0,0.0,0.0,0.0
862,40.328,29.9,27.9,-1,0,0,0,0.0,0.0,0.0,0.0,0.0,0.0
863,40.364,33.2,27.9,1,951,525,340875.0,0.7036,0.0,0.1188,0.4931,-0.007631,34.1
864,40.404,32.8,25.0,1,955,529,333973.62,0.7108,0.0,0.1287,0.4998,-0.011656,35.3
865,40.445,30.8,24.3,-1,0,0,0,0.0,0.0,0.0,0.0,0.0,0.0
866,40.483,30.7,27.0,-1,0,0,0,0.0,0.0,0.0,0.0,0.0,0.0
867,40.519,30.2,27.4,-1,0,0,0,0.0,0.0,0.0,0.0,0.0,0.0
868,40.556,30.7,27.1,-1,0,0,0,0.0,0.0,0.0,0.0,0.0,0.0
869,40.593,30.9,27.1,-1,0,0,0,0.0,0.0,0.0,0.0,0.0,0.0
870,40.63,31.7,27.0,-1,0,0,0,0.0,0.0,0.0,0.0,0.0,0.0
871,40.668,30.9,26.5,-1,0,0,0,0.0,0.0,0.0,0.0,0.0,0.0
872,40.705,30.5,27.0,-1,0,0,0,0.0,0.0,0.0,0.0,0.0,0.0
873,40.741,30.6,27.4,-1,0,0,0,0.0,0.0,0.0,0.0,0.0,0.0
874,40.778,30.0,27.3,-1,0,0,0,0.0,0.0,0.0,0.0,0.0,0.0
875,40.814,31.0,27.8,-1,0,0,0,0.0,0.0,0.0,0.0,0.0,0.0
876,40.851,31.5,26.6,-1,0,0,0,0.0,0.0,0.0,0.0,0.0,0.0
877,40.889,31.1,26.4,-1,0,0,0,0.0,0.0,0.0,0.0,0.0,0.0
878,40.926,30.0,27.0,-1,0,0,0,0.0,0.0,0.0,0.0,0.0,0.0
879,40.962,30.5,27.6,-1,0,0,0,0.0,0.0,0.0,0.0,0.0,0.0
880,40.999,30.4,27.3,-1,0,0,0,0.0,0.0,0.0,0.0,0.0,0.0
881,41.036,30.2,27.3,-1,0,0,0,0.0,0.0,0.0,0.0,0.0,0.0
882,41.072,29.8,27.6,-1,0,0,0,0.0,0.0,0.0,0.0,0.0,0.0
883,41.108,30.5,27.9,-1,0,0,0,0.0,0.0,0.0,0.0,0.0,0.0
884,41.144,31.2,27.4,-1,0,0,0,0.0,0.0,0.0,0.0,0.0,0.0
885,41.181,30.2,26.9,-1,0,0,0,0.0,0.0,0.0,0.0,0.0,0.0
886,41.218,30.4,27.6,-1,0,0,0,0.0,0.0,0.0,0.0,0.0,0.0
887,41.254,30.2,27.5,-1,0,0,0,0.0,0.0,0.0,0.0,0.0,0.0
888,41.29,30.1,27.6,-1,0,0,0,0.0,0.0,0.0,0.0,0.0,0.0
889,41.326,30.3,27.7,-1,0,0,0,0.0,0.0,0.0,0.0,0.0,0.0
890,41.363,30.7,27.4,-1,0,0,0,0.0,0.0,0.0,0.0,0.0,0.0
891,41.4,30.2,27.2,-1,0,0,0,0.0,0.0,0.0,0.0,0.0,0.0
892,41.436,32.0,27.6,-1,0,0,0,0.0,0.0,0.0,0.0,0.0,0.0
893,41.474,31.0,26.2,-1,0,0,0,0.0,0.0,0.0,0.0,0.0,0.0
894,41.511,32.3,26.9,-1,0,0,0,0.0,0.0,0.0,0.0,0.0,0.0
895,41.55,33.8,26.0,-1,0,0,0,0.0,0.0,0.0,0.0,0.0,0.0
896,41.59,33.5,24.9,-1,0,0,0,0.0,0.0,0.0,0.0,0.0,0.0
897,41.63,33.6,25.2,-1,0,0,0,0.0,0.0,0.0,0.0,0.0,0.0
898,41.669,32.7,25.1,-1,0,0,0,0.0,0.0,0.0,0.0,0.0,0.0
899,41.708,33.3,25.6,-1,0,0,0,0.0,0.0,0.0,0.0,0.0,0.0
900,41.748,32.8,25.2,-1,0,0,0,0.0,0.0,0.0,0.0,0.0,0.0
901,41.787,32.7,25.6,-1,0,0,0,0.0,0.0,0.0,0.0,0.0,0.0
902,41.826,32.7,25.7,-1,0,0,0,0.0,0.0,0.0,0.0,0.0,0.0
903,41.865,33.3,25.8,-1,0,0,0,0.0,0.0,0.0,0.0,0.0,0.0
904,41.904,33.4,25.4,-1,0,0,0,0.0,0.0,0.0,0.0,0.0,0.0
905,41.944,33.7,25.2,-1,0,0,0,0.0,0.0,0.0,0.0,0.0,0.0
906,41.984,33.3,25.0,-1,0,0,0,0.0,0.0,0.0,0.0,0.0,0.0
907,42.023,33.2,25.3,-1,0,0,0,0.0,0.0,0.0,0.0,0.0,0.0
908,42.063,33.2,25.3,-1,0,0,0,0.0,0.0,0.0,0.0,0.0,0.0
909,42.102,33.5,25.4,-1,0,0,0,0.0,0.0,0.0,0.0,0.0,0.0
910,42.142,32.9,25.2,-1,0,0,0,0.0,0.0,0.0,0.0,0.0,0.0
911,42.181,33.0,25.6,-1,0,0,0,0.0,0.0,0.0,0.0,0.0,0.0
912,42.22,33.0,25.4,-1,0,0,0,0.0,0.0,0.0,0.0,0.0,0.0
913,42.26,32.9,25.5,-1,0,0,0,0.0,0.0,0.0,0.0,0.0,0.0
914,42.299,33.3,25.7,-1,0,0,0,0.0,0.0,0.0,0.0,0.0,0.0
915,42.338,32.9,25.4,-1,0,0,0,0.0,0.0,0.0,0.0,0.0,0.0
916,42.377,32.7,25.5,3,742,440,351677.03,0.6927,0.0,-0.069,0.1594,-0.014336,35.1
917,42.418,33.5,24.4,3,741,439,351772.25,0.6926,0.0,-0.0563,0.1559,-0.022199,35.8
918,42.46,33.4,24.0,3,739,438,349031.4,0.6953,0.0,-0.0652,0.1509,-0.023362,35.7
919,42.501,32.8,24.0,3,737,438,348020.62,0.6963,0.0,-0.0659,0.1478,-0.02258,35.3
920,42.543,34.9,24.3,3,737,438,346808.56,0.6976,0.0,-0.0772,0.1516,-0.016908,37.2
921,42.586,33.0,23.3,3,739,438,346408.56,0.698,0.0,-0.0772,0.1585,-0.013923,35.3
922,42.627,33.3,24.3,3,741,438,345174.4,0.6992,0.0,-0.0634,0.1616,-0.018559,35.7
923,42.668,32.8,24.0,3,742,439,348623.16,0.6957,0.0,-0.0699,0.1613,-0.016021,35.3
924,42.71,32.9,24.3,3,743,442,354070.12,0.6904,0.0,-0.0447,0.1628,-0.020918,35.3
925,42.751,33.2,24.2,3,744,442,352932.75,0.6915,0.0,-0.0582,0.1644,-0.020918,34.3
926,42.791,32.9,24.8,3,746,440,350343.88,0.694,0.0,-0.0675,0.1695,-0.020918,34.6
927,42.832,32.9,24.7,3,747,437,347369.44,0.697,0.0,-0.0734,0.1691,-0.022276,34.2
928,42.872,33.3,25.0,3,748,437,349102.06,0.6953,0.0,-0.0673,0.1707,-0.022276,34.4
929,42.912,33.1,24.7,3,747,437,348111.62,0.6962,0.0,-0.0673,0.1652,-0.022276,33.9
930,42.952,33.3,25.0,3,747,438,349138.1,0.6952,0.0,-0.0626,0.1672,-0.022276,34.1
931,42.992,33.2,25.0,3,746,439,350884.84,0.6935,0.0,-0.0605,0.1637,-0.022276,34.0
932,43.032,32.8,25.0,3,745,439,350587.97,0.6938,0.0,-0.0631,0.1622,-0.022276,35.0
933,43.073,33.3,24.4,3,745,440,351104.12,0.6933,0.0,-0.0543,0.1641,-0.024142,34.3
934,43.113,33.6,24.8,3,745,440,350956.25,0.6934,0.0,-0.0592,0.1641,-0.024142,34.8
935,43.154,33.7,24.6,3,745,443,355307.8,0.6892,0.0,-0.0452,0.1641,-0.024142,34.5
936,43.195,33.3,24.7,3,745,447,361802.8,0.6829,-0.0506,-0.0342,0.1641,-0.024142,34.1
937,43.235,32.9,24.9,3,745,445,356552.8,0.688,0.0,-0.054,0.1641,-0.024142,33.7
938,43.274,34.7,25.3,3,745,443,351366.75,0.693,0.0,-0.0578,0.1641,-0.024142,36.9
939,43.317,33.4,23.4,3,744,441,349354.66,0.695,0.0,-0.0516,0.1606,-0.028891,34.5
940,43.357,33.1,24.9,3,742,439,348772.16,0.6956,0.0,-0.0617,0.1555,-0.028891,34.1
941,43.397,33.3,25.0,3,739,438,348887.75,0.6955,0.0,-0.0612,0.1488,-0.028891,34.1
942,43.437,33.3,25.1,3,734,438,348683.2,0.6957,0.0,-0.0586,0.1371,-0.028891,34.1
943,43.477,33.6,25.0,3,730,437,345545.47,0.6988,0.0,-0.0633,0.1329,-0.028891,34.5
944,43.518,33.9,24.6,3,724,445,367251.22,0.6779,-0.0664,0,0.1201,-0.028891,36.0
945,43.56,33.3,23.9,3,714,439,349781.47,0.6946,0.0,-0.083,0.0961,-0.024071,34.2
946,43.6,33.9,25.1,3,704,439,346233.56,0.6981,0.0,-0.0613,0.0808,-0.024071,34.9
947,43.64,34.4,24.6,3,698,440,347902.03,0.6965,0.0,-0.0567,0.0792,-0.024071,35.1
948,43.681,33.0,24.4,3,694,438,343573.88,0.7008,0.0,-0.0687,0.0765,-0.024071,33.9
949,43.722,30.1,24.6,-1,0,0,0,0.0,0.0,0.0,0.0,0.0,0.0
950,43.758,32.8,27.8,3,682,443,350133.25,0.6942,0.0,-0.0463,0.0536,-0.024071,35.0
951,43.799,32.7,24.5,3,677,439,340008.7,0.7045,0.0,-0.0654,0.0479,-0.026937,33.6
952,43.838,33.0,25.3,3,674,440,342614.7,0.7018,0.0,-0.0538,0.0473,-0.026937,34.1
953,43.878,33.5,24.9,3,670,442,346573.94,0.6978,0.0,-0.0471,0.0391,-0.026937,34.3
954,43.919,33.3,24.9,3,667,444,350101.34,0.6943,0.0,-0.0428,0.0363,-0.026937,34.1
955,43.959,33.0,25.0,3,664,445,350897.2,0.6935,0.0,-0.0434,0.0316,-0.026937,33.8
956,43.998,32.8,25.3,3,662,443,342052.72,0.7024,0.0,-0.0553,0.0305,-0.026937,35.0
957,44.039,33.3,24.4,3,658,446,346919.06,0.6974,0.0,-0.0428,0,-0.023952,34.2
958,44.079,33.1,24.9,3,655,453,358665.6,0.6859,0.0,0,0,-0.023952,34.2
959,44.119,33.1,24.9,3,650,450,345953.97,0.6984,0.0,-0.0464,0,-0.023952,33.8
960,44.159,32.8,25.1,3,645,451,345116.72,0.6993,0.0,-0.0338,0,-0.023952,33.6
961,44.199,33.3,25.3,3,642,451,346054.44,0.6983,0.0,-0.0365,0,-0.023952,34.1
962,44.239,33.3,25.0,3,640,452,346760.53,0.6976,0.0,-0.0319,0,-0.023952,35.4
963,44.28,33.3,24.2,3,639,455,355015.38,0.6894,0.0,-0.03,0,-0.019639,34.2
964,44.32,32.8,24.9,3,639,454,349529.97,0.6948,0.0,-0.0371,0,-0.019639,33.9
965,44.36,32.8,25.2,3,639,453,344039.3,0.7004,0.0,-0.0392,0,-0.019639,33.7
966,44.399,32.9,25.3,3,639,454,341397.78,0.7031,0.0,-0.0319,0,-0.019639,33.7
967,44.439,33.5,25.3,3,639,456,341282.53,0.7032,0.0,0,0,-0.019639,34.3
968,44.479,34.0,24.8,3,639,462,348969.06,0.6954,0.0,0,0,-0.019639,36.3
969,44.521,33.0,23.7,3,639,469,359880.16,0.6848,0.0,0,0,-0.020595,33.9
970,44.561,32.6,25.1,3,638,468,350724.72,0.6936,0.0,0,0,-0.020595,33.7
971,44.601,32.7,25.3,3,638,467,342481.56,0.7019,0.0,0,0,-0.020595,33.4
972,44.64,33.6,25.4,3,638,465,333154.5,0.7117,0.0,0,0,-0.020595,34.3
973,44.68,33.1,24.8,3,637,465,326691.3,0.7187,0.0514,0,0,-0.020595,34.0
974,44.72,33.2,25.0,3,638,467,327854.28,0.7174,0.0,0,0,-0.020595,35.4
975,44.761,32.9,24.3,3,638,470,331744.22,0.7132,0.0,0,0,-0.021326,33.8
976,44.801,33.2,25.2,3,637,471,334989.75,0.7098,0.0,0,0,-0.021326,34.3
977,44.841,33.1,24.9,3,637,470,333236.4,0.7116,0.0,0,0,-0.021326,33.9
978,44.881,33.1,25.1,3,637,468,331153.97,0.7138,0.0,0,0,-0.021326,34.0
979,44.921,32.8,25.1,3,638,467,331196.22,0.7138,0.0,0,0,-0.021326,33.6
980,44.961,32.9,25.3,3,637,465,330237.53,0.7148,0.0,0,0,-0.021326,35.1
981,45.002,32.8,24.4,3,636,465,332865.88,0.712,0.0,0,0,-0.012958,33.7
982,45.041,33.1,25.2,3,637,464,333957.34,0.7108,0.0,0,0,-0.012958,34.1
983,45.081,32.8,24.9,3,636,465,335694.12,0.709,0.0,0,0,-0.012958,33.6
984,45.121,33.5,25.3,3,637,464,334052.1,0.7107,0.0,0,0,-0.012958,34.3
985,45.161,32.8,24.8,3,638,463,333716.16,0.7111,0.0,0,0,-0.012958,33.6
986,45.201,33.5,25.3,3,639,465,342593.44,0.7018,0.0,0,0,-0.012958,35.6
987,45.242,33.4,24.0,3,641,466,346442.75,0.6979,0.0,0,0,-0.017247,34.3
988,45.282,32.8,24.8,3,645,466,347419.38,0.6969,0.0,0,0,-0.017247,34.0
989,45.322,34.1,25.1,3,649,465,343550.06,0.7009,0.0,0,0,-0.017247,36.0
990,45.364,36.8,23.8,3,651,463,337753.47,0.7068,0.0,0,0,-0.017247,37.7
991,45.408,38.0,23.0,3,654,463,336046.25,0.7086,0.0,0,0,-0.017247,38.9
992,45.453,34.0,22.2,3,656,465,340212.16,0.7043,0.0,0,0,-0.017247,36.3
993,45.495,33.8,23.6,3,659,465,339694.88,0.7048,0.0,0,0.0354,-0.021771,34.7
994,45.536,33.0,24.7,3,661,466,343634.28,0.7008,0.0,0,0.0367,-0.021771,34.0
995,45.576,33.5,25.1,3,662,470,357166.8,0.6874,0.0,0,0.0363,-0.021771,34.3
996,45.616,33.3,24.8,3,663,476,375113.9,0.6707,-0.0892,0,0.0379,-0.021771,34.1
997,45.656,33.7,25.1,3,664,477,377998.0,0.6682,-0.0976,0,0.0394,-0.021771,35.1
998,45.697,32.9,24.4,3,664,480,387045.16,0.6603,-0.1239,0,0.0375,-0.021771,34.6
999,45.738,33.4,24.5,3,665,480,385105.84,0.662,-0.1182,0,0.041,-0.019981,34.4
1000,45.778,34.1,24.8,3,665,478,381365.3,0.6652,-0.1074,0,0.0391,-0.019981,35.2
1001,45.819,33.4,24.2,3,665,477,378029.34,0.6681,-0.0977,0,0.0391,-0.019981,34.2
1002,45.86,33.3,24.9,3,665,479,385040.47,0.662,-0.118,0,0.0391,-0.019981,34.1
1003,45.9,33.1,25.0,3,664,478,381699.6,0.6649,-0.1083,0,0.0355,-0.019981,33.8
1004,45.939,33.4,25.1,3,663,472,367744.44,0.6774,-0.0678,0,0.0341,-0.022522,35.5
1005,45.981,33.0,24.0,3,662,468,358489.47,0.6861,0.0,0,0.0324,-0.022522,34.2
1006,46.021,33.4,24.9,3,662,465,350710.72,0.6937,0.0,0,0.0344,-0.022522,34.2
1007,46.061,33.5,24.8,3,663,462,345032.16,0.6993,0.0,0,0.0379,-0.022522,34.3
1008,46.102,32.9,24.8,3,663,468,363033.16,0.6818,-0.0541,0,0.0359,-0.022522,33.7
1009,46.141,33.4,25.2,3,664,474,377678.16,0.6684,-0.0967,0,0.0394,-0.022522,35.6
1010,46.183,33.2,24.0,3,664,480,390623.62,0.6573,-0.1343,0.0503,0.0375,-0.02801,34.3
1011,46.223,33.3,24.9,3,666,477,380061.8,0.6663,-0.1036,0,0.0445,-0.02801,34.3
1012,46.264,33.4,24.8,3,666,478,384674.12,0.6623,-0.117,0,0.0406,-0.02801,34.2
1013,46.304,33.3,24.9,3,667,479,389308.25,0.6584,-0.1304,0,0.0441,-0.02801,34.3
1014,46.344,33.0,24.8,3,667,479,388932.3,0.6587,-0.1293,0,0.0422,-0.02801,34.0
1015,46.384,33.0,25.0,3,667,473,374436.3,0.6713,-0.0873,0,0.0422,-0.02801,33.7
1016,46.424,33.2,25.2,3,667,475,382971.5,0.6638,-0.112,0,0.0422,-0.029533,35.4
1017,46.465,33.2,24.2,3,667,473,377245.4,0.6688,-0.0954,0,0.0422,-0.029533,34.3
1018,46.505,33.1,24.9,3,666,473,379210.34,0.6671,-0.1011,0,0.0387,-0.029533,33.9
1019,46.545,33.0,25.1,3,666,471,374880.9,0.6709,-0.0885,0,0.0406,-0.029533,33.8
1020,46.585,32.9,25.1,3,666,476,388145.34,0.6594,-0.1271,0.0343,0.0406,-0.029533,33.7
1021,46.624,32.9,25.3,3,667,479,397728.0,0.6514,-0.1549,0.0354,0.0442,-0.029533,33.6
1022,46.664,40.7,25.2,3,668,483,406740.25,0.6441,-0.1811,0.0516,0.0453,-0.033137,42.9
1023,46.714,34.1,20.1,3,669,484,408149.9,0.643,-0.1851,0.044,0.0472,-0.033137,35.1
1024,46.755,34.3,24.2,3,670,484,405908.0,0.6448,-0.1786,0.0415,0.0488,-0.033137,35.0
1025,46.797,33.6,24.2,3,670,486,402792.03,0.6473,-0.1696,0.0508,0.0469,-0.033137,34.6
1026,46.838,34.1,24.1,3,670,487,401967.3,0.6479,-0.1672,0.0502,0.0469,-0.033137,34.9
1027,46.879,32.8,24.5,3,671,487,399190.03,0.6502,-0.1591,0.0477,0.0503,-0.033137,35.0
1028,46.92,33.2,24.4,3,670,488,402394.6,0.6476,-0.1684,0.0485,0.0449,-0.0314,34.0
1029,46.96,32.8,25.0,3,667,486,396924.28,0.652,-0.1526,0.0387,0.0363,-0.0314,33.8
1030,47.0,32.9,25.2,3,664,479,378884.6,0.6674,-0.1002,0,0.0316,-0.0314,33.7
1031,47.039,33.9,25.2,3,662,475,371932.12,0.6736,-0.08,0,0.0305,-0.0314,34.7
1032,47.08,33.7,24.5,3,660,476,372438.62,0.6731,-0.0815,0,0,-0.0314,34.5
1033,47.121,34.2,24.5,3,659,479,382656.4,0.6641,-0.1111,0.0366,0,-0.0314,36.4
1034,47.164,33.6,23.4,3,658,477,378417.47,0.6678,-0.0988,0,0,-0.030635,34.6
1035,47.205,34.4,24.4,3,659,485,397674.88,0.6514,-0.1547,0.061,0.0316,-0.030635,35.4
1036,47.246,34.1,23.9,3,660,487,399023.2,0.6503,-0.1586,0.0503,0.0331,-0.030635,34.9
1037,47.288,34.3,24.2,3,661,485,393309.78,0.655,-0.1421,0.0361,0.0347,-0.030635,35.3
1038,47.329,34.4,24.0,3,662,479,374293.62,0.6715,-0.0868,0,0.0363,-0.030635,35.2
1039,47.372,34.4,23.5,3,664,479,375994.22,0.6699,-0.0918,0,0.041,-0.030635,36.6
1040,47.415,33.1,23.5,3,664,478,373494.6,0.6722,-0.0845,0,0.0375,-0.033151,34.1
1041,47.455,33.1,24.9,3,664,474,366126.66,0.6789,-0.0631,0,0.0375,-0.033151,34.2
1042,47.495,32.9,24.9,3,663,476,378321.88,0.6679,-0.0985,0.0301,0.034,-0.033151,33.7
1043,47.534,32.9,25.3,3,662,480,391319.25,0.6567,-0.1363,0.0437,0.0324,-0.033151,33.6
1044,47.574,33.4,25.3,3,661,476,383253.6,0.6636,-0.1129,0,0.0309,-0.033151,34.1
1045,47.614,33.7,24.9,3,661,475,383487.28,0.6634,-0.1135,0,0.0328,-0.033151,35.9
1046,47.656,33.6,23.9,3,660,471,371863.34,0.6736,-0.0798,0,0,-0.030196,34.5
1047,47.697,32.9,24.7,3,660,475,385520.12,0.6616,-0.1194,0.0302,0.0312,-0.030196,33.9
1048,47.736,32.9,25.1,3,660,478,393134.3,0.6552,-0.1415,0.0339,0.0312,-0.030196,33.6
1049,47.776,33.3,25.3,3,661,479,399391.28,0.65,-0.1597,0.0307,0.0348,-0.030196,34.1
1050,47.816,33.2,25.0,3,661,483,409760.94,0.6417,-0.1898,0.0469,0.0328,-0.030196,34.0
1051,47.856,33.4,25.1,3,662,484,414134.53,0.6383,-0.2025,0.0411,0.0363,-0.030196,35.6
1052,47.897,32.8,24.1,3,663,481,407388.66,0.6436,-0.1829,0,0.0379,-0.030191,33.7
1053,47.937,32.8,25.2,3,663,479,401104.44,0.6486,-0.1647,0,0.0359,-0.030191,33.8
1054,47.977,32.9,25.1,3,664,474,391128.38,0.6568,-0.1357,0,0.0395,-0.030191,33.8
1055,48.017,33.5,25.1,3,665,468,377727.22,0.6684,-0.0968,0,0.041,-0.030191,34.3
1056,48.057,33.0,24.8,3,666,465,373246.16,0.6724,-0.0838,0,0.0426,-0.030191,33.8
1057,48.097,33.3,25.1,3,666,467,381826.8,0.6648,-0.1087,0,0.0406,-0.030191,35.5
1058,48.138,33.3,24.1,3,667,471,394742.4,0.6538,-0.1462,0,0.0441,-0.032723,34.2
1059,48.178,33.3,24.9,3,668,476,411475.0,0.6404,-0.1948,0.0373,0.0457,-0.032723,34.4
1060,48.219,33.1,24.9,3,670,479,422627.34,0.6319,-0.2272,0.0385,0.0508,-0.032723,33.9
1061,48.258,32.9,25.2,3,671,478,424199.97,0.6307,-0.2318,0,0.0504,-0.032723,33.7
1062,48.298,33.8,25.2,3,672,478,425965.47,0.6294,-0.2369,0,0.0519,-0.032723,36.0
1063,48.34,33.1,23.8,3,673,477,424011.9,0.6309,-0.2312,0.0338,0.0535,-0.037123,34.1
1064,48.38,34.1,24.8,3,673,477,424934.03,0.6302,-0.2339,0.0309,0.0516,-0.037123,35.2
1065,48.423,36.1,23.7,3,676,473,415142.22,0.6376,-0.2054,0,0.0616,-0.037123,36.9
1066,48.466,33.8,23.3,3,677,464,393673.78,0.6547,-0.1431,0,0.0597,-0.037123,34.6
1067,48.506,33.8,24.7,3,679,460,386506.44,0.6608,-0.1223,0,0.0648,-0.037123,34.5
1068,48.547,33.1,24.6,3,680,457,381815.03,0.6648,-0.1087,0,0.0644,-0.037123,35.4
1069,48.588,32.9,24.1,3,682,460,390407.7,0.6574,-0.1336,0,0.0696,-0.036907,33.8
1070,48.628,33.5,25.2,3,684,459,388638.88,0.6589,-0.1285,0,0.0726,-0.036907,34.5
1071,48.668,34.5,24.8,3,685,456,382637.88,0.6641,-0.1111,0,0.0722,-0.036907,35.3
1072,48.709,33.0,24.4,3,686,455,381008.5,0.6655,-0.1063,0,0.0738,-0.036907,33.9
1073,48.749,33.2,25.2,3,687,457,387531.1,0.6599,-0.1253,0,0.0754,-0.036907,34.0
1074,48.789,33.0,25.1,3,688,459,389854.28,0.6579,-0.132,0,0.0769,-0.036907,34.2
1075,48.829,32.8,25.0,3,688,462,395313.8,0.6534,-0.1479,0,0.075,-0.038463,34.6
1076,48.869,32.8,24.7,3,689,467,409392.1,0.642,-0.1888,0,0.0785,-0.038463,33.8
1077,48.909,32.9,25.1,3,689,467,409147.9,0.6422,-0.188,0,0.0766,-0.038463,33.7
1078,48.949,33.5,25.2,3,690,468,412586.75,0.6395,-0.198,0,0.0801,-0.038463,34.3
1079,48.989,32.8,24.8,3,691,470,420120.5,0.6338,-0.2199,0,0.0817,-0.038463,33.6
1080,49.028,32.9,25.4,3,692,466,411623.9,0.6403,-0.1952,0,0.0832,-0.038463,34.2
1081,49.069,33.4,24.9,3,693,463,411124.9,0.6407,-0.1938,0,0.0847,-0.039691,35.3
1082,49.11,33.5,24.3,3,694,458,407476.44,0.6435,-0.1832,0,0.0863,-0.039691,34.6
1083,49.15,33.0,24.6,3,694,456,403796.06,0.6465,-0.1725,0,0.0844,-0.039691,33.9
1084,49.19,32.8,25.3,3,694,455,404698.7,0.6457,-0.1751,0,0.0844,-0.039691,33.6
1085,49.229,33.3,25.4,3,694,458,417584.88,0.6357,-0.2125,0,0.0844,-0.039691,34.1
1086,49.269,33.0,24.9,3,694,456,412055.7,0.6399,-0.1965,0,0.0844,-0.039691,34.5
1087,49.31,33.1,24.7,3,695,452,403867.06,0.6464,-0.1727,0,0.0879,-0.041489,34.8
1088,49.351,33.0,24.5,3,697,450,400252.5,0.6493,-0.1622,0,0.093,-0.041489,34.0
1089,49.391,33.3,25.0,3,697,449,399279.9,0.6501,-0.1594,0,0.0891,-0.041489,34.1
1090,49.431,33.8,25.1,3,698,449,399187.97,0.6502,-0.1591,0,0.0926,-0.041489,34.6
1091,49.471,33.5,24.6,3,698,449,399566.03,0.6499,-0.1602,0,0.0906,-0.041489,34.3
1092,49.512,33.6,24.8,3,698,449,399481.4,0.6499,-0.16,0,0.0906,-0.041489,35.5
1093,49.554,32.9,23.8,3,698,449,399363.3,0.65,-0.1596,0,0.0906,-0.042249,34.1
1094,49.593,34.2,25.0,3,698,449,399622.22,0.6498,-0.1604,0,0.0906,-0.042249,35.3
1095,49.635,33.1,24.0,3,699,449,400717.62,0.6489,-0.1636,0,0.0941,-0.042249,34.7
1096,49.676,34.4,24.2,3,700,449,401080.97,0.6486,-0.1646,0,0.0956,-0.042249,35.3
1097,49.718,33.5,24.1,3,700,449,400912.72,0.6488,-0.1641,0,0.0938,-0.042249,34.3
1098,49.758,32.8,24.9,3,701,451,400130.9,0.6494,-0.1619,0,0.0972,-0.042249,34.9
1099,49.799,32.8,24.4,3,701,451,399637.25,0.6498,-0.1604,0,0.0953,-0.040856,33.6
1100,49.839,33.3,25.3,3,701,450,399573.2,0.6499,-0.1602,0,0.0953,-0.040856,34.4
1101,49.879,33.0,24.7,3,701,450,400015.47,0.6495,-0.1615,0,0.0953,-0.040856,33.8
1102,49.919,33.0,25.2,3,701,450,400605.6,0.649,-0.1632,0,0.0953,-0.040856,33.7
1103,49.959,32.9,25.1,3,701,450,401540.16,0.6483,-0.166,0,0.0953,-0.040856,33.7
1104,49.998,32.8,25.2,3,701,450,400591.06,0.649,-0.1632,0,0.0953,-0.040856,34.9
1105,50.039,32.9,24.4,3,700,451,400862.94,0.6488,-0.164,0,0.0918,-0.04356,33.8
1106,50.079,33.2,25.2,3,700,451,402756.88,0.6473,-0.1695,0,0.0938,-0.04356,34.3
1107,50.119,32.9,24.8,3,698,456,417629.56,0.6357,-0.2127,0,0.0867,-0.04356,33.7
1108,50.159,33.1,25.3,3,697,460,431960.1,0.625,-0.2543,0,0.0871,-0.04356,33.9
1109,50.199,33.2,25.1,3,696,458,425535.94,0.6297,-0.2356,0,0.0855,-0.04356,34.0
1110,50.239,33.5,25.0,3,694,453,413004.34,0.6392,-0.1992,0,0.0806,-0.04356,35.6
1111,50.28,33.1,24.0,3,690,454,412866.78,0.6393,-0.1988,0,0.0703,-0.044854,34.0
1112,50.32,32.8,25.0,3,681,459,416142.28,0.6368,-0.2084,0,0.0464,-0.044854,33.9
1113,50.36,32.8,25.2,3,673,454,400116.5,0.6494,-0.1618,0,0.0357,-0.044854,33.7
1114,50.399,32.8,25.3,3,665,452,393328.62,0.655,-0.1421,0,0,-0.044854,33.6
1115,50.439,33.7,25.4,3,658,453,396453.6,0.6524,-0.1512,0,0,-0.044854,34.5
1116,50.479,33.7,24.6,3,651,466,429284.44,0.627,-0.2465,0.0478,0,-0.044854,36.0
1117,50.521,33.0,23.8,3,647,468,430068.94,0.6264,-0.2488,0,0,-0.041657,33.8
1118,50.561,32.7,25.3,3,642,460,400710.28,0.6489,-0.1635,0,0,-0.041657,33.7
1119,50.601,32.9,25.2,3,635,465,408581.5,0.6427,-0.1864,0,0,-0.041657,33.7
1120,50.64,33.3,25.3,3,629,467,406165.4,0.6446,-0.1794,0,0,-0.041657,34.0
1121,50.68,33.0,24.9,3,626,465,395167.4,0.6535,-0.1474,0,0,-0.041657,33.8
1122,50.72,32.8,25.3,3,621,469,395402.06,0.6533,-0.1481,0,-0.0393,-0.041657,34.9
1123,50.761,33.2,24.5,3,619,471,396587.2,0.6523,-0.1516,0,-0.0367,-0.038594,34.1
1124,50.801,32.8,25.0,3,619,473,401176.84,0.6486,-0.1649,0,-0.0328,-0.038594,33.8
1125,50.841,33.2,25.1,3,617,477,410525.97,0.6411,-0.192,0.0428,-0.0399,-0.038594,33.9
1126,50.881,33.2,24.9,3,615,480,415664.75,0.6372,-0.207,0.0464,-0.0429,-0.038594,34.1
1127,50.921,32.9,24.9,3,614,487,434461.7,0.6232,-0.2615,0.0716,-0.0426,-0.038594,33.6
1128,50.96,33.4,25.4,3,613,490,440858.8,0.6187,-0.2801,0.067,-0.0441,-0.038594,35.8
1129,51.002,31.3,23.9,-1,0,0,0,0.0,0.0,0.0,0.0,0.0,0.0
1130,51.04,33.7,26.6,3,610,492,434635.4,0.6231,-0.2621,0.0683,-0.0499,-0.039812,34.7
1131,51.081,33.2,24.5,3,607,486,401131.53,0.6486,-0.1648,0.0368,-0.0574,-0.039812,34.2
1132,51.121,32.7,24.9,3,606,479,376783.5,0.6692,-0.0941,0,-0.0551,-0.039812,33.5
1133,51.16,30.3,25.5,-1,0,0,0,0.0,0.0,0.0,0.0,0.0,0.0
1134,51.196,33.0,27.5,3,605,480,368961.12,0.6763,-0.0714,0.0412,-0.0557,-0.039812,35.1
1135,51.237,33.4,24.4,3,607,490,396604.9,0.6523,-0.1516,0.077,-0.0477,-0.035517,34.2
1136,51.278,33.1,24.9,3,611,485,379420.62,0.6669,-0.1017,0.033,-0.0375,-0.035517,34.2
1137,51.318,32.8,24.8,3,615,483,369029.28,0.6762,-0.0716,0.0365,-0.0312,-0.035517,33.6
1138,51.357,32.8,25.3,3,619,485,369171.9,0.6761,-0.072,0.0512,0,-0.035517,33.6
1139,51.397,33.1,25.3,3,622,488,373138.66,0.6725,-0.0835,0.06,0,-0.035517,33.9
1140,51.437,33.6,25.1,3,624,491,377597.7,0.6685,-0.0964,0.0659,0,-0.035517,35.8
1141,51.479,33.8,23.9,3,629,496,379900.75,0.6665,-0.1031,0.0812,0,-0.035325,34.8
1142,51.52,33.5,24.0,3,632,498,381294.88,0.6653,-0.1072,0.0779,0,-0.035325,34.5
1143,51.561,32.8,24.7,3,636,502,386027.56,0.6612,-0.1209,0.0917,0,-0.035325,33.6
1144,51.601,33.2,24.7,3,640,506,396899.66,0.6521,-0.1525,0.0997,0,-0.035325,34.0
1145,51.641,33.5,25.0,3,642,511,405456.78,0.6451,-0.1773,0.1128,0,-0.035325,34.4
1146,51.682,33.0,24.8,3,643,514,405298.28,0.6453,-0.1769,0.1138,0,-0.035325,35.1
1147,51.723,30.7,24.4,-1,0,0,0,0.0,0.0,0.0,0.0,0.0,0.0
1148,51.759,33.4,27.2,3,668,526,423047.3,0.6316,-0.2284,0.1554,0.0692,-0.040136,34.3
1149,51.8,30.6,24.9,-1,0,0,0,0.0,0.0,0.0,0.0,0.0,0.0
1150,51.836,33.3,27.3,3,678,518,372240.44,0.6733,-0.0809,0.1085,0.0695,-0.040136,34.3
1151,51.877,33.2,24.6,3,683,517,360170.38,0.6845,0.0,0.1146,0.0769,-0.040136,34.0
1152,51.917,30.4,25.1,-1,0,0,0,0.0,0.0,0.0,0.0,0.0,0.0
1153,51.953,33.2,27.5,3,686,517,350631.66,0.6937,0.0,0.1087,0.0749,-0.034942,35.3
1154,51.994,33.3,24.3,3,689,515,350962.06,0.6934,0.0,0.1027,0.0824,-0.034942,34.3
1155,52.034,33.2,24.9,3,691,514,351966.5,0.6924,0.0,0.1032,0.0836,-0.034942,33.9
1156,52.074,33.0,25.1,3,690,514,351849.47,0.6925,0.0,0.1058,0.0762,-0.034942,34.3
1157,52.114,33.4,24.8,3,688,515,350888.0,0.6935,0.0,0.1104,0.0712,-0.034942,34.2
1158,52.154,33.3,25.0,3,687,516,349261.06,0.6951,0.0,0.1125,0.0715,-0.034942,35.4
1159,52.196,33.1,24.2,3,685,518,348409.75,0.6959,0.0,0.1179,0.0664,-0.034303,34.0
1160,52.236,33.5,25.1,3,684,518,347276.56,0.6971,0.0,0.1135,0.0668,-0.034303,34.6
1161,52.276,33.1,24.7,3,682,519,346787.22,0.6976,0.0,0.1182,0.0617,-0.034303,33.9
1162,52.316,33.5,25.2,3,679,520,346369.1,0.698,0.0,0.1202,0.0551,-0.034303,34.5
1163,52.356,33.2,24.9,3,676,524,355210.06,0.6893,0.0,0.1364,0.0504,-0.034303,34.1
1164,52.396,33.8,25.0,3,673,526,357639.22,0.6869,0.0,0.1351,0.046,-0.034303,35.9
1165,52.438,33.3,23.7,3,671,527,356572.56,0.6879,0.0,0.1195,0.0446,-0.027462,34.3
1166,52.478,33.8,24.8,3,669,524,347681.94,0.6967,0.0,0.1115,0.0415,-0.027462,34.9
1167,52.519,32.7,24.5,3,666,524,341911.53,0.7025,0.0,0.1191,0.0347,-0.027462,33.5
1168,52.558,33.1,25.5,3,664,523,337757.38,0.7068,0.0,0.1144,0.0336,-0.027462,33.9
1169,52.598,32.8,25.3,3,663,523,334166.1,0.7106,0.0,0.1171,0.0339,-0.027462,33.6
1170,52.637,33.7,25.3,3,662,524,333726.47,0.7111,0.0,0.1216,0.0325,-0.027462,35.8
1171,52.679,33.7,23.9,3,662,526,334299.28,0.7105,0.0,0.1303,0.0344,-0.028279,34.7
1172,52.72,32.8,24.3,3,667,526,331829.25,0.7131,0.0,0.1241,0.0519,-0.028279,33.8
1173,52.76,32.8,25.2,3,672,530,331578.9,0.7134,0.0,0.143,0.0599,-0.028279,33.6
1174,52.8,33.5,25.3,3,674,531,329044.97,0.7161,0.0,0.1371,0.057,-0.028279,34.2
1175,52.84,33.6,24.9,3,678,532,327084.6,0.7183,0.0502,0.1392,0.0671,-0.028279,34.4
1176,52.88,33.2,24.7,3,681,535,326115.56,0.7193,0.0531,0.1504,0.0697,-0.028279,35.5
1177,52.921,32.8,24.2,3,681,536,323812.7,0.7219,0.0597,0.1493,0.0641,-0.029016,33.7
1178,52.961,32.8,25.3,3,680,538,322873.75,0.7229,0.0625,0.1551,0.0605,-0.029016,33.8
1179,53.001,33.2,25.2,3,680,538,321146.06,0.7249,0.0675,0.1499,0.0625,-0.029016,33.9
1180,53.04,33.5,25.2,3,679,539,319976.03,0.7262,0.0709,0.1546,0.059,-0.029016,34.3
1181,53.081,34.0,24.8,3,678,538,318236.84,0.7282,0.0759,0.1473,0.0575,-0.029016,34.9
1182,53.122,33.4,24.4,3,676,537,315682.84,0.7311,0.0834,0.1453,0.0525,-0.029016,35.5
1183,53.163,33.0,24.2,3,675,536,313837.16,0.7333,0.0887,0.1341,0.0527,-0.025075,33.9
1184,53.203,33.3,25.1,3,673,536,312089.53,0.7353,0.0938,0.1417,0.0477,-0.025075,34.3
1185,53.243,32.7,24.9,3,670,536,311737.2,0.7357,0.0948,0.1417,0.0409,-0.025075,33.5
1186,53.282,33.1,25.4,3,667,537,312470.44,0.7349,0.0927,0.1464,0.0363,-0.025075,34.1
1187,53.322,32.9,25.0,3,665,538,312579.97,0.7348,0.0924,0.1485,0.0351,-0.025075,33.7
1188,53.362,33.3,25.2,3,663,539,315524.47,0.7313,0.0838,0.1505,0.0322,-0.025075,35.5
1189,53.403,33.4,24.1,3,665,537,310739.44,0.7369,0.0977,0.1493,0.0429,-0.029814,34.3
1190,53.444,33.9,24.8,3,668,537,309057.0,0.7389,0.1026,0.1486,0.0495,-0.029814,35.0
1191,53.485,33.7,24.4,3,671,536,306042.56,0.7426,0.1113,0.1439,0.0542,-0.029814,34.6
1192,53.525,32.6,24.7,3,675,536,305253.53,0.7435,0.1136,0.1465,0.0626,-0.029814,33.4
1193,53.564,33.2,25.5,3,679,538,307812.62,0.7404,0.1062,0.1559,0.0688,-0.029814,34.0
1194,53.604,33.7,24.9,3,681,539,308128.84,0.74,0.1053,0.1552,0.0678,-0.029814,35.9
1195,53.646,34.6,23.9,3,681,540,308599.72,0.7395,0.1039,0.1627,0.0641,-0.032229,35.6
1196,53.688,33.1,24.1,3,681,541,308663.75,0.7394,0.1037,0.1619,0.0641,-0.032229,34.2
1197,53.728,33.6,24.9,3,678,537,304554.44,0.7444,0.1157,0.1407,0.0536,-0.032229,34.3
1198,53.768,32.7,24.8,3,673,533,303070.66,0.7462,0.12,0.1321,0.0417,-0.032229,33.5
1199,53.808,33.2,25.4,3,667,529,302196.03,0.7473,0.1225,0.1239,0.0304,-0.032229,34.0
1200,53.848,32.9,25.0,3,660,524,301137.5,0.7486,0.1256,0.1112,0,-0.032229,35.0
1201,53.889,34.6,24.4,3,653,509,304145.6,0.7449,0.1169,0,0,-0.017496,35.5
1202,53.93,33.3,24.2,3,648,503,309405.47,0.7385,0.1016,0.0498,0,-0.017496,34.3
1203,53.97,33.3,24.9,3,643,496,306521.5,0.742,0.11,0.0326,0,-0.017496,34.1
1204,54.01,33.0,25.0,3,638,490,308898.8,0.7391,0.103,0,0,-0.017496,33.9
1205,54.05,33.0,25.1,3,634,479,305661.97,0.743,0.1124,0,0,-0.017496,33.7
1206,54.09,32.7,25.2,3,629,471,300740.0,0.7491,0.1267,0,0,-0.017496,34.8
1207,54.13,33.6,24.5,3,627,468,303204.22,0.746,0.1196,0,0,-0.016589,34.5
1208,54.171,33.4,24.8,3,626,469,311251.5,0.7363,0.0962,0,0,-0.016589,34.5
1209,54.211,33.9,24.7,3,624,468,315935.12,0.7308,0.0826,0,0,-0.016589,35.1
1210,54.253,33.6,24.3,3,641,458,311422.56,0.7361,0.0957,-0.055,0.0343,-0.016589,34.4
1211,54.293,30.0,24.8,-1,0,0,0,0.0,0.0,0.0,0.0,0.0,0.0
1212,54.329,33.3,27.8,3,668,452,308448.72,0.7397,0.1044,-0.0498,0.0709,-0.016589,35.6
1213,54.371,34.5,23.8,3,684,454,316744.53,0.7299,0.0803,-0.0689,0.0987,-7.3e-05,35.4
1214,54.413,33.8,23.8,3,699,451,312662.44,0.7347,0.0921,-0.0679,0.1204,-7.3e-05,34.9
1215,54.454,33.4,24.4,3,722,450,312938.4,0.7343,0.0913,-0.065,0.1729,-7.3e-05,34.2
1216,54.494,33.3,24.8,3,735,452,314655.66,0.7323,0.0863,-0.0531,0.1737,-7.3e-05,34.1
1217,54.534,32.8,25.0,3,743,453,316691.34,0.73,0.0804,-0.0536,0.1766,-7.3e-05,33.9
1218,54.576,33.1,24.0,3,748,455,315168.47,0.7317,0.0848,-0.0471,0.1779,-7.3e-05,35.2
1219,54.617,32.9,24.4,3,752,458,315619.84,0.7312,0.0835,-0.0563,0.1829,0.008063,33.8
1220,54.656,33.4,25.2,3,753,461,310963.75,0.7367,0.0971,-0.0399,0.1785,0.008063,34.5
1221,54.697,32.9,24.8,3,754,464,314040.06,0.733,0.0881,-0.0335,0.1801,0.008063,33.7
1222,54.736,32.8,25.3,3,755,466,315076.9,0.7318,0.0851,-0.0319,0.1817,0.008063,33.5
1223,54.776,33.2,25.4,3,754,466,311863.47,0.7356,0.0944,-0.0372,0.1762,0.008063,33.9
1224,54.816,33.6,25.1,3,754,467,309569.1,0.7383,0.1011,-0.0327,0.1781,0.008063,35.8
1225,54.857,32.9,24.0,3,754,467,307095.72,0.7413,0.1083,-0.0587,0.1781,0.018486,33.8
1226,54.897,33.0,25.3,3,753,468,309618.7,0.7383,0.101,-0.0409,0.1746,0.018486,34.0
1227,54.937,33.5,25.0,3,751,469,310875.2,0.7368,0.0973,-0.0388,0.1696,0.018486,34.4
1228,54.977,32.9,24.9,3,748,469,308829.06,0.7392,0.1033,-0.0414,0.1628,0.018486,33.7
1229,55.017,32.8,25.2,3,742,465,299481.94,0.7506,0.1304,-0.0603,0.1475,0.018486,33.6
1230,55.056,32.7,25.3,3,736,464,293377.72,0.7584,0.1481,-0.0544,0.1385,0.018486,34.8
1231,55.097,32.8,24.5,3,731,464,290057.84,0.7627,0.1578,-0.054,0.1323,0.019432,33.7
1232,55.137,33.2,25.3,3,728,463,288058.94,0.7654,0.1636,-0.0574,0.1317,0.019432,34.3
1233,55.177,33.4,24.8,3,725,462,286234.0,0.7678,0.1689,-0.0595,0.127,0.019432,34.2
1234,55.217,33.5,24.9,3,721,464,285704.2,0.7685,0.1704,-0.0476,0.1188,0.019432,34.3
1235,55.257,33.2,24.9,3,717,467,286065.8,0.768,0.1693,-0.0387,0.1125,0.019432,34.0
1236,55.297,32.8,25.0,3,714,469,284599.6,0.77,0.1736,-0.0373,0.1099,0.019432,35.0
1237,55.338,33.0,24.4,3,711,470,282063.6,0.7735,0.181,-0.0386,0.1051,0.01987,33.9
1238,55.378,33.1,25.0,3,709,471,281119.4,0.7748,0.1837,-0.036,0.1039,0.01987,34.3
1239,55.418,33.0,24.9,3,707,473,277157.72,0.7803,0.1952,0,0.1008,0.01987,33.8
1240,55.458,33.5,25.1,3,706,475,275825.8,0.7822,0.1991,0,0.1012,0.01987,34.3
1241,55.498,33.4,24.8,3,704,474,273439.22,0.7856,0.206,-0.035,0.0961,0.01987,34.2
1242,55.539,34.9,24.9,3,702,473,271873.25,0.7878,0.2106,-0.0368,0.0933,0.019824,37.1
1243,55.581,32.9,23.3,3,699,472,271015.56,0.7891,0.2131,-0.0391,0.0863,0.019824,34.0
1244,55.621,32.9,25.1,3,693,470,269306.12,0.7916,0.218,-0.0459,0.0709,0.019824,33.7
1245,55.661,33.4,25.2,3,686,470,265514.9,0.7972,0.229,-0.0407,0.0583,0.019824,34.2
1246,55.701,33.1,24.9,3,680,471,264026.34,0.7995,0.2333,-0.036,0.0507,0.019824,33.8
1247,55.741,33.6,25.1,3,673,472,260265.48,0.8052,0.2443,-0.034,0.0385,0.019824,35.8
1248,55.783,33.6,24.0,3,664,470,256413.22,0.8112,0.2555,-0.0486,0,0.021072,34.5
1249,55.823,32.9,24.8,3,657,470,253689.31,0.8156,0.2634,-0.0419,0,0.021072,33.9
1250,55.863,33.3,25.2,3,650,471,251918.4,0.8184,0.2685,-0.0372,0,0.021072,34.1
1251,55.903,33.4,25.0,3,646,470,251317.02,0.8194,0.2702,-0.0445,0,0.021072,34.2
1252,55.943,33.0,25.0,3,643,469,250728.83,0.8204,0.272,-0.0466,0,0.021072,33.9
1253,55.983,33.4,25.0,3,638,469,247889.92,0.8251,0.2802,-0.044,0,0.021072,34.2
1254,56.023,33.5,25.0,3,636,469,245217.11,0.8296,0.288,-0.0428,0,0.020542,35.7
1255,56.064,33.5,24.0,3,635,469,243959.17,0.8317,0.2916,-0.0435,0,0.020542,34.5
1256,56.105,33.1,24.7,3,636,468,242272.47,0.8346,0.2965,-0.0482,0,0.020542,33.9
1257,56.144,32.8,25.2,3,641,466,242133.4,0.8348,0.2969,-0.055,0,0.020542,33.6
1258,56.184,33.1,25.3,3,645,464,239596.8,0.8392,0.3043,-0.0591,0,0.020542,33.9
1259,56.224,33.8,25.2,3,646,461,239061.08,0.8402,0.3058,-0.0676,0,0.020542,36.0
1260,56.266,34.1,23.7,3,646,459,239771.95,0.8389,0.3038,-0.0728,0,0.022097,35.0
1261,56.307,34.5,24.5,3,645,460,239800.23,0.8389,0.3037,-0.0613,0,0.022097,35.8
1262,56.349,34.7,23.9,3,641,462,239994.03,0.8385,0.3031,-0.0546,0,0.022097,35.6
1263,56.39,32.9,24.1,3,636,465,237942.86,0.8421,0.3091,-0.0455,0,0.022097,33.7
1264,56.431,33.5,24.6,3,631,468,236910.0,0.844,0.3121,-0.0395,0,0.022097,34.3
1265,56.471,33.5,25.0,3,628,469,235770.44,0.846,0.3154,-0.0425,0,0.022097,35.4
1266,56.512,33.7,24.2,3,625,468,233842.3,0.8495,0.321,-0.0522,0,0.023229,34.9
1267,56.553,32.9,24.6,3,620,468,232640.67,0.8517,0.3245,-0.0482,-0.0411,0.023229,33.9
1268,56.593,33.6,25.1,3,616,468,232107.44,0.8527,0.326,-0.0482,-0.0453,0.023229,34.4
1269,56.633,33.4,24.8,3,611,468,231227.25,0.8543,0.3286,-0.0482,-0.055,0.023229,34.2
1270,56.673,33.7,24.8,3,607,469,230315.22,0.856,0.3312,-0.0436,-0.0593,0.023229,34.5
1271,56.714,33.2,24.7,3,603,471,231878.34,0.8531,0.3267,-0.0369,-0.0654,0.023229,34.9
1272,56.754,33.2,24.5,3,599,473,231803.02,0.8532,0.3269,-0.034,-0.0718,0.023836,34.6
1273,56.795,32.9,24.6,3,598,476,232720.3,0.8515,0.3242,0,-0.0676,0.023836,33.9
1274,56.835,32.8,25.2,3,596,478,232432.89,0.8521,0.3251,0,-0.0727,0.023836,33.5
1275,56.874,33.4,25.4,3,594,479,232178.69,0.8525,0.3258,0,-0.0758,0.023836,34.3
1276,56.914,33.1,24.9,3,591,481,233453.12,0.8502,0.3221,0,-0.0825,0.023836,33.9
1277,56.954,33.3,25.1,3,588,483,235125.1,0.8472,0.3173,0,-0.0869,0.023836,35.5
1278,56.996,33.3,24.2,3,587,485,237537.5,0.8429,0.3103,0,-0.0848,0.028465,34.2
1279,57.036,33.4,24.9,3,586,485,237218.5,0.8434,0.3112,0,-0.0863,0.028465,34.4
1280,57.076,33.3,24.7,3,586,485,236419.23,0.8449,0.3135,0,-0.0844,0.028465,34.2
1281,57.116,33.3,24.9,3,587,484,232568.14,0.8518,0.3247,0,-0.0809,0.028465,34.1
1282,57.156,33.0,25.0,3,589,485,231265.11,0.8542,0.3285,0,-0.0757,0.028465,33.7
1283,57.196,33.1,25.2,3,591,485,229250.55,0.858,0.3343,0,-0.0728,0.028465,35.2
1284,57.237,33.2,24.4,3,592,487,229267.2,0.8579,0.3343,0,-0.073,0.031612,34.1
1285,57.277,33.5,25.1,3,592,488,229504.27,0.8575,0.3336,0,-0.075,0.031612,34.8
1286,57.318,33.2,24.6,3,592,492,229945.48,0.8567,0.3323,0,-0.075,0.031612,34.0
1287,57.358,32.8,25.0,3,592,496,230585.67,0.8555,0.3304,0,-0.075,0.031612,33.6
1288,57.397,32.8,25.3,3,591,497,229467.27,0.8576,0.3337,0,-0.0785,0.031612,33.6
1289,57.437,33.8,25.3,3,590,501,235038.11,0.8473,0.3175,0,-0.08,0.031612,35.9
1290,57.479,33.2,23.8,3,588,504,239443.33,0.8395,0.3047,0,-0.0851,0.032968,34.1
1291,57.519,33.9,25.0,3,583,502,231758.92,0.8533,0.327,0,-0.0986,0.032968,34.9
1292,57.56,33.4,24.5,3,580,501,225981.77,0.8641,0.3438,0,-0.0996,0.032968,34.1
1293,57.599,33.3,25.1,3,577,502,224469.7,0.867,0.3482,0,-0.1043,0.032968,34.1
1294,57.639,34.0,25.0,3,576,506,227174.3,0.8619,0.3404,0.0314,-0.1019,0.032968,34.8
1295,57.68,33.1,24.4,3,574,510,226904.75,0.8624,0.3411,0.0396,-0.1069,0.032968,35.2
1296,57.721,32.9,24.4,3,571,514,223148.22,0.8696,0.352,0.0548,-0.1138,0.03016,33.8
1297,57.761,33.3,25.2,3,568,517,221748.72,0.8724,0.3561,0.0546,-0.1183,0.03016,34.4
1298,57.801,33.2,24.9,3,566,523,222915.52,0.8701,0.3527,0.0752,-0.1196,0.03016,34.0
1299,57.841,33.5,25.0,3,564,531,223858.9,0.8682,0.35,0.0967,-0.1226,0.03016,34.4
1300,57.881,33.3,25.0,3,559,541,225320.48,0.8654,0.3457,0.123,-0.1364,0.03016,34.2
1301,57.921,33.0,24.9,3,556,551,222358.73,0.8712,0.3543,0.143,-0.1369,0.03016,35.1
1302,57.962,32.9,24.5,3,553,560,220494.47,0.8748,0.3597,0.1587,-0.1419,0.030811,33.8
1303,58.002,32.8,25.3,3,551,569,219264.27,0.8773,0.3633,0.1783,-0.143,0.030811,33.9
1304,58.042,33.0,25.1,3,548,577,215438.73,0.885,0.3744,0.1923,-0.1497,0.030811,33.8
1305,58.081,33.7,25.1,3,544,586,216264.92,0.8833,0.372,0.2131,-0.1577,0.030811,34.5
1306,58.122,32.7,24.7,3,541,587,206760.39,0.9034,0.3996,0.1947,-0.1606,0.030811,33.5
1307,58.161,33.3,25.4,3,538,585,200190.92,0.9181,0.4187,0.1829,-0.165,0.030811,35.5
1308,58.203,33.4,24.2,3,533,583,197141.17,0.9252,0.4276,0.1796,-0.1769,0.030364,34.2
1309,58.243,32.9,25.0,3,529,576,194251.62,0.9321,0.436,0.1513,-0.1813,0.030364,34.0
1310,58.283,34.0,25.1,3,523,583,193706.33,0.9334,0.4375,0.202,-0.1943,0.030364,34.9
1311,58.323,33.6,24.5,3,517,594,187873.36,0.9477,0.4545,0.2356,-0.2039,0.030364,34.3
1312,58.364,33.7,25.0,3,507,601,179482.17,0.9696,0.4788,0.2397,-0.2271,0.030364,34.7
1313,58.404,33.0,24.7,3,492,600,171994.58,0.9905,0.5006,0.2171,-0.2598,0.030364,35.2
1314,58.445,33.5,24.3,3,489,598,170958.16,0.9935,0.5036,0.2085,-0.2417,0.031148,34.5
1315,58.486,33.1,24.7,3,492,595,168340.16,1.0012,0.5112,0.2006,-0.2254,0.031148,34.2
1316,58.526,33.2,25.0,3,497,584,169123.34,0.9989,0.5089,0.1566,-0.2136,0.031148,33.9
1317,58.565,32.6,25.2,3,497,573,173954.34,0.9849,0.4949,0.1334,-0.2234,0.031148,33.4
1318,58.605,30.3,25.5,-1,0,0,0,0.0,0.0,0.0,0.0,0.0,0.0
1319,58.641,33.8,27.6,3,528,456,196135.52,0.9276,0.4305,-0.2371,-0.144,0.031148,36.1
1320,58.683,33.2,23.8,3,546,453,192267.03,0.9368,0.4417,-0.0965,-0.1117,0.031694,34.1
1321,58.723,32.8,25.1,3,560,476,208550.27,0.8995,0.3944,0,-0.0974,0.031694,33.8
1322,58.762,32.7,25.3,3,565,478,204391.39,0.9086,0.4065,-0.0306,-0.1072,0.031694,33.5
1323,58.802,33.0,25.4,3,561,465,197240.11,0.925,0.4273,-0.0971,-0.1313,0.031694,33.8
1324,58.841,31.0,25.2,-1,0,0,0,0.0,0.0,0.0,0.0,0.0,0.0
1325,58.878,31.2,26.9,-1,0,0,0,0.0,0.0,0.0,0.0,0.0,0.0
1326,58.916,30.6,26.7,-1,0,0,0,0.0,0.0,0.0,0.0,0.0,0.0
1327,58.952,30.2,27.3,-1,0,0,0,0.0,0.0,0.0,0.0,0.0,0.0
1328,58.988,30.6,27.9,-1,0,0,0,0.0,0.0,0.0,0.0,0.0,0.0
1329,59.025,30.2,27.4,-1,0,0,0,0.0,0.0,0.0,0.0,0.0,0.0
1330,59.061,30.5,27.6,-1,0,0,0,0.0,0.0,0.0,0.0,0.0,0.0
1331,59.097,30.7,27.6,-1,0,0,0,0.0,0.0,0.0,0.0,0.0,0.0
1332,59.134,31.0,27.2,-1,0,0,0,0.0,0.0,0.0,0.0,0.0,0.0
1333,59.171,30.9,27.0,-1,0,0,0,0.0,0.0,0.0,0.0,0.0,0.0
1334,59.208,30.5,27.0,-1,0,0,0,0.0,0.0,0.0,0.0,0.0,0.0
1335,59.245,31.1,27.3,-1,0,0,0,0.0,0.0,0.0,0.0,0.0,0.0
1336,59.282,30.3,26.8,-1,0,0,0,0.0,0.0,0.0,0.0,0.0,0.0
1337,59.319,30.2,27.4,-1,0,0,0,0.0,0.0,0.0,0.0,0.0,0.0
1338,59.355,30.5,27.7,-1,0,0,0,0.0,0.0,0.0,0.0,0.0,0.0
1339,59.391,30.5,27.4,-1,0,0,0,0.0,0.0,0.0,0.0,0.0,0.0
1340,59.428,30.5,27.5,-1,0,0,0,0.0,0.0,0.0,0.0,0.0,0.0
1341,59.464,30.3,27.4,-1,0,0,0,0.0,0.0,0.0,0.0,0.0,0.0
1342,59.5,30.2,27.5,-1,0,0,0,0.0,0.0,0.0,0.0,0.0,0.0
1343,59.537,31.2,27.6,-1,0,0,0,0.0,0.0,0.0,0.0,0.0,0.0
1344,59.574,30.8,27.1,-1,0,0,0,0.0,0.0,0.0,0.0,0.0,0.0
1345,59.61,30.7,27.2,-1,0,0,0,0.0,0.0,0.0,0.0,0.0,0.0
1346,59.647,30.6,27.2,-1,0,0,0,0.0,0.0,0.0,0.0,0.0,0.0
1347,59.684,30.7,27.3,-1,0,0,0,0.0,0.0,0.0,0.0,0.0,0.0
1348,59.721,30.0,27.3,-1,0,0,0,0.0,0.0,0.0,0.0,0.0,0.0
1349,59.757,30.0,27.6,-1,0,0,0,0.0,0.0,0.0,0.0,0.0,0.0
1350,59.792,30.6,27.9,-1,0,0,0,0.0,0.0,0.0,0.0,0.0,0.0
1351,59.829,30.2,27.2,-1,0,0,0,0.0,0.0,0.0,0.0,0.0,0.0
1352,59.865,30.8,27.7,-1,0,0,0,0.0,0.0,0.0,0.0,0.0,0.0
1353,59.902,30.8,27.2,-1,0,0,0,0.0,0.0,0.0,0.0,0.0,0.0
1354,59.939,30.3,27.1,-1,0,0,0,0.0,0.0,0.0,0.0,0.0,0.0
1355,59.975,30.5,27.4,-1,0,0,0,0.0,0.0,0.0,0.0,0.0,0.0
1356,60.012,30.0,27.2,-1,0,0,0,0.0,0.0,0.0,0.0,0.0,0.0
1357,60.048,30.4,27.6,-1,0,0,0,0.0,0.0,0.0,0.0,0.0,0.0
1358,60.085,29.9,27.2,-1,0,0,0,0.0,0.0,0.0,0.0,0.0,0.0
1359,60.121,30.2,27.9,-1,0,0,0,0.0,0.0,0.0,0.0,0.0,0.0
1360,60.157,30.0,27.4,-1,0,0,0,0.0,0.0,0.0,0.0,0.0,0.0
1361,60.193,30.3,27.9,-1,0,0,0,0.0,0.0,0.0,0.0,0.0,0.0
1362,60.23,30.1,27.2,-1,0,0,0,0.0,0.0,0.0,0.0,0.0,0.0
1363,60.266,30.5,27.8,-1,0,0,0,0.0,0.0,0.0,0.0,0.0,0.0
1364,60.302,30.2,27.5,-1,0,0,0,0.0,0.0,0.0,0.0,0.0,0.0
1365,60.339,30.0,27.5,-1,0,0,0,0.0,0.0,0.0,0.0,0.0,0.0
1366,60.375,29.7,27.7,-1,0,0,0,0.0,0.0,0.0,0.0,0.0,0.0
1367,60.411,30.1,27.9,-1,0,0,0,0.0,0.0,0.0,0.0,0.0,0.0
1368,60.447,29.9,27.6,-1,0,0,0,0.0,0.0,0.0,0.0,0.0,0.0
1369,60.483,31.2,27.6,-1,0,0,0,0.0,0.0,0.0,0.0,0.0,0.0
1370,60.521,29.9,26.7,-1,0,0,0,0.0,0.0,0.0,0.0,0.0,0.0
1371,60.557,31.0,27.8,-1,0,0,0,0.0,0.0,0.0,0.0,0.0,0.0
1372,60.593,30.3,27.1,-1,0,0,0,0.0,0.0,0.0,0.0,0.0,0.0
1373,60.63,29.7,27.6,-1,0,0,0,0.0,0.0,0.0,0.0,0.0,0.0
1374,60.665,30.6,27.9,-1,0,0,0,0.0,0.0,0.0,0.0,0.0,0.0
1375,60.702,30.4,27.3,-1,0,0,0,0.0,0.0,0.0,0.0,0.0,0.0
1376,60.738,29.8,27.7,-1,0,0,0,0.0,0.0,0.0,0.0,0.0,0.0
1377,60.774,30.3,28.2,-1,0,0,0,0.0,0.0,0.0,0.0,0.0,0.0
1378,60.81,29.8,27.8,-1,0,0,0,0.0,0.0,0.0,0.0,0.0,0.0
1379,60.845,30.0,28.0,-1,0,0,0,0.0,0.0,0.0,0.0,0.0,0.0
1380,60.881,29.9,27.8,-1,0,0,0,0.0,0.0,0.0,0.0,0.0,0.0
1381,60.917,29.7,27.9,-1,0,0,0,0.0,0.0,0.0,0.0,0.0,0.0
1382,60.952,29.6,28.2,-1,0,0,0,0.0,0.0,0.0,0.0,0.0,0.0
1383,60.988,29.7,28.2,-1,0,0,0,0.0,0.0,0.0,0.0,0.0,0.0
1384,61.023,29.5,28.4,-1,0,0,0,0.0,0.0,0.0,0.0,0.0,0.0
1385,61.058,29.8,28.5,-1,0,0,0,0.0,0.0,0.0,0.0,0.0,0.0
1386,61.094,30.2,28.0,-1,0,0,0,0.0,0.0,0.0,0.0,0.0,0.0
1387,61.13,30.3,27.7,-1,0,0,0,0.0,0.0,0.0,0.0,0.0,0.0
1388,61.167,30.0,27.4,-1,0,0,0,0.0,0.0,0.0,0.0,0.0,0.0
1389,61.203,30.2,27.8,-1,0,0,0,0.0,0.0,0.0,0.0,0.0,0.0
1390,61.239,30.0,27.7,-1,0,0,0,0.0,0.0,0.0,0.0,0.0,0.0
1391,61.274,30.0,28.0,-1,0,0,0,0.0,0.0,0.0,0.0,0.0,0.0
1392,61.311,29.7,27.2,-1,0,0,0,0.0,0.0,0.0,0.0,0.0,0.0
1393,61.347,29.4,28.1,-1,0,0,0,0.0,0.0,0.0,0.0,0.0,0.0
1394,61.382,30.4,28.4,-1,0,0,0,0.0,0.0,0.0,0.0,0.0,0.0
1395,61.418,31.1,27.5,-1,0,0,0,0.0,0.0,0.0,0.0,0.0,0.0
1396,61.455,30.9,27.2,-1,0,0,0,0.0,0.0,0.0,0.0,0.0,0.0
1397,61.492,30.8,27.2,-1,0,0,0,0.0,0.0,0.0,0.0,0.0,0.0
1398,61.529,30.2,27.4,-1,0,0,0,0.0,0.0,0.0,0.0,0.0,0.0
1399,61.564,29.6,27.8,-1,0,0,0,0.0,0.0,0.0,0.0,0.0,0.0
1400,61.6,30.6,28.3,-1,0,0,0,0.0,0.0,0.0,0.0,0.0,0.0
1401,61.636,30.1,27.4,-1,0,0,0,0.0,0.0,0.0,0.0,0.0,0.0
1402,61.672,31.3,27.9,-1,0,0,0,0.0,0.0,0.0,0.0,0.0,0.0
1403,61.709,29.7,27.1,-1,0,0,0,0.0,0.0,0.0,0.0,0.0,0.0
1404,61.745,30.1,28.2,-1,0,0,0,0.0,0.0,0.0,0.0,0.0,0.0
1405,61.781,29.6,27.6,-1,0,0,0,0.0,0.0,0.0,0.0,0.0,0.0
1406,61.817,29.8,28.0,-1,0,0,0,0.0,0.0,0.0,0.0,0.0,0.0
1407,61.852,29.8,27.8,-1,0,0,0,0.0,0.0,0.0,0.0,0.0,0.0
1408,61.888,29.6,27.8,-1,0,0,0,0.0,0.0,0.0,0.0,0.0,0.0
1409,61.924,29.7,28.1,-1,0,0,0,0.0,0.0,0.0,0.0,0.0,0.0
1410,61.96,30.1,28.1,-1,0,0,0,0.0,0.0,0.0,0.0,0.0,0.0
1411,61.996,30.2,27.6,-1,0,0,0,0.0,0.0,0.0,0.0,0.0,0.0
1412,62.032,29.6,27.8,-1,0,0,0,0.0,0.0,0.0,0.0,0.0,0.0
1413,62.067,29.6,28.1,-1,0,0,0,0.0,0.0,0.0,0.0,0.0,0.0
1414,62.103,30.5,28.1,-1,0,0,0,0.0,0.0,0.0,0.0,0.0,0.0
1415,62.14,30.2,27.2,-1,0,0,0,0.0,0.0,0.0,0.0,0.0,0.0
1416,62.176,30.0,27.9,-1,0,0,0,0.0,0.0,0.0,0.0,0.0,0.0
1417,62.212,29.6,27.8,-1,0,0,0,0.0,0.0,0.0,0.0,0.0,0.0
1418,62.248,30.6,27.9,-1,0,0,0,0.0,0.0,0.0,0.0,0.0,0.0
1419,62.284,29.9,27.2,-1,0,0,0,0.0,0.0,0.0,0.0,0.0,0.0
1420,62.32,29.9,27.7,-1,0,0,0,0.0,0.0,0.0,0.0,0.0,0.0
1421,62.356,30.1,27.8,-1,0,0,0,0.0,0.0,0.0,0.0,0.0,0.0
1422,62.393,30.0,27.6,-1,0,0,0,0.0,0.0,0.0,0.0,0.0,0.0
1423,62.429,31.0,27.7,-1,0,0,0,0.0,0.0,0.0,0.0,0.0,0.0
1424,62.466,30.1,27.0,-1,0,0,0,0.0,0.0,0.0,0.0,0.0,0.0
1425,62.502,30.4,27.6,-1,0,0,0,0.0,0.0,0.0,0.0,0.0,0.0
1426,62.538,29.7,27.7,-1,0,0,0,0.0,0.0,0.0,0.0,0.0,0.0
1427,62.574,30.2,27.9,-1,0,0,0,0.0,0.0,0.0,0.0,0.0,0.0
1428,62.61,30.0,27.6,-1,0,0,0,0.0,0.0,0.0,0.0,0.0,0.0
1429,62.646,31.1,27.7,-1,0,0,0,0.0,0.0,0.0,0.0,0.0,0.0
1430,62.683,30.2,27.0,-1,0,0,0,0.0,0.0,0.0,0.0,0.0,0.0
1431,62.719,29.7,27.9,-1,0,0,0,0.0,0.0,0.0,0.0,0.0,0.0
1432,62.754,29.6,28.3,-1,0,0,0,0.0,0.0,0.0,0.0,0.0,0.0
1433,62.79,29.8,28.2,-1,0,0,0,0.0,0.0,0.0,0.0,0.0,0.0
1434,62.825,29.6,28.1,-1,0,0,0,0.0,0.0,0.0,0.0,0.0,0.0
1435,62.861,29.5,28.4,-1,0,0,0,0.0,0.0,0.0,0.0,0.0,0.0
1436,62.896,29.5,28.3,-1,0,0,0,0.0,0.0,0.0,0.0,0.0,0.0
1437,62.931,29.6,28.3,-1,0,0,0,0.0,0.0,0.0,0.0,0.0,0.0
1438,62.967,29.6,28.2,-1,0,0,0,0.0,0.0,0.0,0.0,0.0,0.0
1439,63.002,29.6,28.2,-1,0,0,0,0.0,0.0,0.0,0.0,0.0,0.0
1440,63.037,29.6,28.3,-1,0,0,0,0.0,0.0,0.0,0.0,0.0,0.0
1441,63.073,29.7,28.2,-1,0,0,0,0.0,0.0,0.0,0.0,0.0,0.0
1442,63.108,29.8,28.3,-1,0,0,0,0.0,0.0,0.0,0.0,0.0,0.0
1443,63.144,29.5,28.1,-1,0,0,0,0.0,0.0,0.0,0.0,0.0,0.0
1444,63.179,30.3,28.2,-1,0,0,0,0.0,0.0,0.0,0.0,0.0,0.0
